fulcrum_id,fulcrum_parent_id,fulcrum_record_id,version,caption,latitude,longitude,geometry,file_size,uploaded_at,exif_date_time,exif_gps_altitude,exif_gps_date_stamp,exif_gps_time_stamp,exif_gps_dop,exif_gps_img_direction,exif_gps_img_direction_ref,exif_gps_latitude,exif_gps_latitude_ref,exif_gps_longitude,exif_gps_longitude_ref,exif_make,exif_model,exif_orientation,exif_pixel_x_dimension,exif_pixel_y_dimension,exif_software,exif_x_resolution,exif_y_resolution
25f7a8cb-23fa-4c6b-803d-580d5cd02ac9,83428d5f-51be-4edd-b2bb-315984c5333b,83428d5f-51be-4edd-b2bb-315984c5333b,1,,21.398903,-157.8995033000024,POINT (-157.8995033000024 21.398903),618528,2021-06-27 01:40:33 UTC,2021-06-26 06:25:09 UTC,372.25,,,10.72,,,21.398903,N,-157.8995033000024,W,motorola,moto x4,,1080.0,810.0,"Fulcrum Android 2.43.1 (6564), Android 9, motorola, moto x4",72.0,72.0
8b071e06-6d9f-40ba-bdeb-dae513ddfeae,8b68e0cc-dfa8-424d-9160-e3dae66666ac,8b68e0cc-dfa8-424d-9160-e3dae66666ac,1,,21.39956330000213,-157.8981236,POINT (-157.8981236 21.39956330000213),679693,2021-06-27 01:40:37 UTC,2021-06-26 06:30:15 UTC,373.6666666666667,,,3.740999927855133,,,21.39956330000213,N,-157.8981236,W,motorola,moto x4,,810.0,1080.0,"Fulcrum Android 2.43.1 (6564), Android 9, motorola, moto x4",72.0,72.0
47fc9673-6f3c-469e-badc-41e12ea18cc8,1cbf5bff-7858-4e65-b3bc-677a13f86333,1cbf5bff-7858-4e65-b3bc-677a13f86333,1,,21.401216199999997,-157.89622290023317,POINT (-157.89622290023317 21.401216199999997),567935,2021-06-27 01:40:40 UTC,2021-06-26 06:37:40 UTC,386.30989549735517,,,4.147999757178413,,,21.401216199999997,N,-157.89622290023317,W,motorola,moto x4,,810.0,1080.0,"Fulcrum Android 2.43.1 (6564), Android 9, motorola, moto x4",72.0,72.0
af1e0aeb-0238-443a-9ebe-9e69692b67fe,b70a9cee-73a0-4801-a774-4339d2c2ad13,b70a9cee-73a0-4801-a774-4339d2c2ad13,1,,21.401224299998184,-157.89615519999998,POINT (-157.89615519999998 21.401224299998184),659288,2021-06-27 01:40:43 UTC,2021-06-26 06:39:29 UTC,385.3990503862235,,,7.504,,,21.401224299998184,N,-157.89615519999998,W,motorola,moto x4,,810.0,1080.0,"Fulcrum Android 2.43.1 (6564), Android 9, motorola, moto x4",72.0,72.0
4f771e22-4386-4c70-8362-ff947c8ac500,aefa88d0-4937-4fb5-8ac3-e82afbcffa9f,aefa88d0-4937-4fb5-8ac3-e82afbcffa9f,1,,21.4035868,-157.88843790000197,POINT (-157.88843790000197 21.4035868),610487,2021-06-27 01:40:46 UTC,2021-06-26 06:56:43 UTC,442.43665519267904,,,3.775,,,21.4035868,N,-157.88843790000197,W,motorola,moto x4,,1080.0,810.0,"Fulcrum Android 2.43.1 (6564), Android 9, motorola, moto x4",72.0,72.0
6e5ed820-4230-418f-9cf2-ddfadc2836ab,0f58f7ca-52aa-47df-97cb-557423b68a41,0f58f7ca-52aa-47df-97cb-557423b68a41,1,,21.403919100001218,-157.88653620000275,POINT (-157.88653620000275 21.403919100001218),605345,2021-06-27 01:40:50 UTC,2021-06-26 07:04:22 UTC,452.5297071842016,,,13.78699970498574,,,21.403919100001218,N,-157.88653620000275,W,motorola,moto x4,,810.0,1080.0,"Fulcrum Android 2.43.1 (6564), Android 9, motorola, moto x4",72.0,72.0
e6a9ee45-7b8f-4dae-a478-9000cf2f1dec,d7b46ec6-6586-44aa-9f09-0b13fd9d1508,d7b46ec6-6586-44aa-9f09-0b13fd9d1508,1,,21.403885100002416,-157.8861232,POINT (-157.8861232 21.403885100002416),636651,2021-06-27 01:40:53 UTC,2021-06-26 07:09:22 UTC,457.93814685029747,,,7.431000238341146,,,21.403885100002416,N,-157.8861232,W,motorola,moto x4,,1080.0,810.0,"Fulcrum Android 2.43.1 (6564), Android 9, motorola, moto x4",72.0,72.0
7b904faa-89d8-460e-9f91-3e34c5b67780,311ffd8e-9b77-413c-a884-f3978d932b6e,311ffd8e-9b77-413c-a884-f3978d932b6e,1,,21.404698,-157.88466549999998,POINT (-157.88466549999998 21.404698),699210,2021-06-27 01:40:57 UTC,2021-06-26 07:12:39 UTC,479.7326911735797,,,10.184,,,21.404698,N,-157.88466549999998,W,motorola,moto x4,,810.0,1080.0,"Fulcrum Android 2.43.1 (6564), Android 9, motorola, moto x4",72.0,72.0
58b4e390-5e5f-40a9-b513-bb0a51cca0c2,0a00dc0d-2290-442b-b238-acc8592ac9fd,0a00dc0d-2290-442b-b238-acc8592ac9fd,1,,21.40334259999746,-157.88211730000154,POINT (-157.88211730000154 21.40334259999746),653391,2021-06-27 01:40:59 UTC,2021-06-26 07:25:15 UTC,487.5437175756042,,,9.648,,,21.40334259999746,N,-157.88211730000154,W,motorola,moto x4,,1080.0,810.0,"Fulcrum Android 2.43.1 (6564), Android 9, motorola, moto x4",72.0,72.0
c6ea6f8d-846a-4224-9725-8c8ebf7b7f90,fb025b3c-85d2-4c98-b519-1787727fa68a,fb025b3c-85d2-4c98-b519-1787727fa68a,1,,21.40311529999761,-157.8823595,POINT (-157.8823595 21.40311529999761),739111,2021-06-27 01:41:03 UTC,2021-06-26 07:27:32 UTC,449.58589925785566,,,16.08,,,21.40311529999761,N,-157.8823595,W,motorola,moto x4,,1080.0,810.0,"Fulcrum Android 2.43.1 (6564), Android 9, motorola, moto x4",72.0,72.0
2af71679-cea1-401a-a3e7-101591c8c28d,330afc3c-b76b-44b5-b3b3-d12b2569033a,330afc3c-b76b-44b5-b3b3-d12b2569033a,1,,0.0,0.0,POINT (0.0 0.0),613686,2021-06-27 01:41:07 UTC,2021-06-26 08:18:12 UTC,,,,,,,,,,,motorola,moto x4,,810.0,1080.0,"Fulcrum Android 2.43.1 (6564), Android 9, motorola, moto x4",72.0,72.0
6af57122-bee9-4f36-a801-3299e571c48b,c47e0fe0-e906-4c19-a748-529277f216a8,c47e0fe0-e906-4c19-a748-529277f216a8,1,,21.3467628,-157.8225185,POINT (-157.8225185 21.3467628),584207,2021-06-27 01:41:10 UTC,2021-06-26 09:21:41 UTC,224.8069271043093,,,8.79,,,21.3467628,N,-157.8225185,W,motorola,moto x4,,810.0,1080.0,"Fulcrum Android 2.43.1 (6564), Android 9, motorola, moto x4",72.0,72.0
2bde3b62-e6f9-4c55-8c29-7740bd1fa099,7fca1742-9565-40d4-9732-f8776be424e7,7fca1742-9565-40d4-9732-f8776be424e7,1,,21.34658590000215,-157.8226818,POINT (-157.8226818 21.34658590000215),564828,2021-06-27 01:41:12 UTC,2021-06-26 09:23:44 UTC,210.07191325638334,,,6.291999808493321,,,21.34658590000215,N,-157.8226818,W,motorola,moto x4,,810.0,1080.0,"Fulcrum Android 2.43.1 (6564), Android 9, motorola, moto x4",72.0,72.0
cc3d6244-6d5e-45f6-b33b-e1536cd533f7,94ef447b-c084-471f-9b97-571699c18c55,94ef447b-c084-471f-9b97-571699c18c55,1,,21.346543399997262,-157.82271599999999,POINT (-157.82271599999999 21.346543399997262),702955,2021-06-27 01:41:15 UTC,2021-06-26 09:40:55 UTC,234.02346960847933,,,8.576,,,21.346543399997262,N,-157.82271599999999,W,motorola,moto x4,,810.0,1080.0,"Fulcrum Android 2.43.1 (6564), Android 9, motorola, moto x4",72.0,72.0
607ef51a-8aab-49e8-af6c-911bff4575ff,410aa4b7-05ec-4596-bbd2-39a6d98af77f,410aa4b7-05ec-4596-bbd2-39a6d98af77f,1,,21.343896899997624,-157.82279790000166,POINT (-157.82279790000166 21.343896899997624),624880,2021-06-27 01:41:18 UTC,2021-06-26 09:47:05 UTC,257.48173842073044,,,10.72,,,21.343896899997624,N,-157.82279790000166,W,motorola,moto x4,,1080.0,810.0,"Fulcrum Android 2.43.1 (6564), Android 9, motorola, moto x4",72.0,72.0
cecd8115-16c1-43ef-839f-2479117533ed,b89f9888-7315-4746-95a0-a1e9ecb9f9e7,b89f9888-7315-4746-95a0-a1e9ecb9f9e7,1,,21.342577099998937,-157.82153979999998,POINT (-157.82153979999998 21.342577099998937),601015,2021-06-27 01:41:21 UTC,2021-06-26 10:05:24 UTC,317.1127533783784,,,5.573999872797812,,,21.342577099998937,N,-157.82153979999998,W,motorola,moto x4,,810.0,1080.0,"Fulcrum Android 2.43.1 (6564), Android 9, motorola, moto x4",72.0,72.0
1d03744c-bfbd-46aa-9560-4240ba094317,0ac5646c-a416-4cba-afd7-4d74809a42f3,0ac5646c-a416-4cba-afd7-4d74809a42f3,1,,21.342628205128204,-157.82148740000224,POINT (-157.82148740000224 21.342628205128204),651030,2021-06-27 01:41:24 UTC,2021-06-26 10:09:57 UTC,327.30574815477524,,,6.085,,,21.342628205128204,N,-157.82148740000224,W,motorola,moto x4,,1080.0,810.0,"Fulcrum Android 2.43.1 (6564), Android 9, motorola, moto x4",72.0,72.0
c15c376c-72c0-46a3-a1d3-74ee180d58b0,9e6bc9c4-748b-4b3e-8119-c1646428a88e,9e6bc9c4-748b-4b3e-8119-c1646428a88e,1,,21.341952600002056,-157.8222632,POINT (-157.8222632 21.341952600002056),549782,2021-06-27 01:41:27 UTC,2021-06-26 10:18:09 UTC,343.93111073311786,,,6.315,,,21.341952600002056,N,-157.8222632,W,motorola,moto x4,,810.0,1080.0,"Fulcrum Android 2.43.1 (6564), Android 9, motorola, moto x4",72.0,72.0
120d1d32-04bd-4fea-9236-9da58d7f8ac5,dfd8ebc7-03f2-48e5-b96b-440b609e6496,dfd8ebc7-03f2-48e5-b96b-440b609e6496,1,,21.341023999999997,-157.82133869999862,POINT (-157.82133869999862 21.341023999999997),612723,2021-06-27 01:41:29 UTC,2021-06-26 10:25:21 UTC,420.2540308941256,,,9.218999864480281,,,21.341023999999997,N,-157.82133869999862,W,motorola,moto x4,,810.0,1080.0,"Fulcrum Android 2.43.1 (6564), Android 9, motorola, moto x4",72.0,72.0
fe3e98de-defa-4427-a426-44a5bc8ba7db,41c70107-832c-426c-8a75-d9e88be9ed14,41c70107-832c-426c-8a75-d9e88be9ed14,1,,21.34110836083608,-157.8211466,POINT (-157.8211466 21.34110836083608),608209,2021-06-27 01:41:33 UTC,2021-06-26 10:43:10 UTC,442.9504291469609,,,11.66554054054054,,,21.34110836083608,N,-157.8211466,W,motorola,moto x4,,810.0,1080.0,"Fulcrum Android 2.43.1 (6564), Android 9, motorola, moto x4",72.0,72.0
679fec30-b3a4-4668-b8bd-5b5134cbaafa,65cb14a2-6344-4999-9ac7-036e62f63aa9,65cb14a2-6344-4999-9ac7-036e62f63aa9,1,,21.3429626,-157.8212748,POINT (-157.8212748 21.3429626),664465,2021-06-27 01:41:36 UTC,2021-06-26 11:16:51 UTC,368.4033605090475,,,24.12,,,21.3429626,N,-157.8212748,W,motorola,moto x4,,810.0,1080.0,"Fulcrum Android 2.43.1 (6564), Android 9, motorola, moto x4",72.0,72.0
336dd182-32c7-4ced-a3c7-5eb67451bb6f,25bd5b8a-f8c2-44c6-bad3-3db6350a63d6,25bd5b8a-f8c2-44c6-bad3-3db6350a63d6,1,,21.32909890000125,-157.82263689999908,POINT (-157.82263689999908 21.32909890000125),550968,2021-06-27 01:41:39 UTC,2021-06-26 12:31:29 UTC,461.4094377686168,,,15.314000135989664,,,21.32909890000125,N,-157.82263689999908,W,motorola,moto x4,,810.0,1080.0,"Fulcrum Android 2.43.1 (6564), Android 9, motorola, moto x4",72.0,72.0
87a5b085-4c4b-4569-b08c-bf3304db083b,fceab064-2993-4ec5-890c-beeadc8894eb,fceab064-2993-4ec5-890c-beeadc8894eb,1,,21.329092699997553,-157.8225578,POINT (-157.8225578 21.329092699997553),542188,2021-06-27 01:41:43 UTC,2021-06-26 12:35:44 UTC,450.8028792549354,,,24.041999807340332,,,21.329092699997553,N,-157.8225578,W,motorola,moto x4,,810.0,1080.0,"Fulcrum Android 2.43.1 (6564), Android 9, motorola, moto x4",72.0,72.0
df82fc00-aca8-420e-a560-77da890ec89f,5984718a-f5e4-4cb8-9924-33e5dcb50932,5984718a-f5e4-4cb8-9924-33e5dcb50932,1,,21.329421699997756,-157.82241109999862,POINT (-157.82241109999862 21.329421699997756),656768,2021-06-27 01:41:45 UTC,2021-06-26 12:42:21 UTC,420.6560983500485,,,14.293000230255585,,,21.329421699997756,N,-157.82241109999862,W,motorola,moto x4,,810.0,1080.0,"Fulcrum Android 2.43.1 (6564), Android 9, motorola, moto x4",72.0,72.0
0b5dcdb8-0079-4480-8963-d07d85db92e8,7b0a656e-abe3-4ea6-aecc-246d4c4f5b54,7b0a656e-abe3-4ea6-aecc-246d4c4f5b54,1,,21.329239800002714,-157.8213888888889,POINT (-157.8213888888889 21.329239800002714),515808,2021-06-27 01:41:48 UTC,2021-06-26 12:49:33 UTC,411.7821276595745,,,3.918,,,21.329239800002714,N,-157.8213888888889,W,motorola,moto x4,,1080.0,810.0,"Fulcrum Android 2.43.1 (6564), Android 9, motorola, moto x4",72.0,72.0
2c1401de-f8b5-4198-8f09-9080e1ed277f,5f57cdbe-b4ec-4689-a3aa-9ad206c58a05,5f57cdbe-b4ec-4689-a3aa-9ad206c58a05,1,,21.329244299997853,-157.82140589999804,POINT (-157.82140589999804 21.329244299997853),605090,2021-06-27 01:41:51 UTC,2021-06-26 12:54:55 UTC,416.9519068984857,,,22.089000693962525,,,21.329244299997853,N,-157.82140589999804,W,motorola,moto x4,,1080.0,810.0,"Fulcrum Android 2.43.1 (6564), Android 9, motorola, moto x4",72.0,72.0
69a82cbe-08d8-4b59-918e-7a99b790a7cc,160919cd-0860-4506-b870-356b03113a53,160919cd-0860-4506-b870-356b03113a53,1,,21.3290844,-157.82103,POINT (-157.82103 21.3290844),588417,2021-06-27 01:41:54 UTC,2021-06-26 12:56:58 UTC,395.7376517826907,,,6.540999889636906,,,21.3290844,N,-157.82103,W,motorola,moto x4,,810.0,1080.0,"Fulcrum Android 2.43.1 (6564), Android 9, motorola, moto x4",72.0,72.0
cc7dbd51-9218-41b3-a638-725b35932f0c,9a1c4b4b-9b54-4cdf-85f4-49f7882375b9,9a1c4b4b-9b54-4cdf-85f4-49f7882375b9,1,,21.328402599257355,-157.82181939999737,POINT (-157.82181939999737 21.328402599257355),592457,2021-06-27 01:41:56 UTC,2021-06-26 13:00:52 UTC,384.12744341563786,,,8.326999658664239,,,21.328402599257355,N,-157.82181939999737,W,motorola,moto x4,,810.0,1080.0,"Fulcrum Android 2.43.1 (6564), Android 9, motorola, moto x4",72.0,72.0
bddb6c37-01dc-4918-be67-f19e5e0bf68f,c20ca40e-db34-456c-9c50-53da791772d2,c20ca40e-db34-456c-9c50-53da791772d2,1,,21.3266419000027,-157.823683,POINT (-157.823683 21.3266419000027),592105,2021-06-27 01:42:00 UTC,2021-06-26 13:09:46 UTC,370.36986075636486,,,13.4,,,21.3266419000027,N,-157.823683,W,motorola,moto x4,,810.0,1080.0,"Fulcrum Android 2.43.1 (6564), Android 9, motorola, moto x4",72.0,72.0
a02bf235-9484-4840-9073-07a957d868b2,086d037c-489a-4065-a311-fc543b6cc448,086d037c-489a-4065-a311-fc543b6cc448,1,,21.310623299997957,-157.7951688999767,POINT (-157.7951688999767 21.310623299997957),676661,2021-06-27 01:42:02 UTC,2021-06-26 14:47:58 UTC,393.70327282025056,,,8.576,,,21.310623299997957,N,-157.7951688999767,W,motorola,moto x4,,1080.0,810.0,"Fulcrum Android 2.43.1 (6564), Android 9, motorola, moto x4",72.0,72.0
6d244aa4-09e2-45ba-8de1-5eb1943c96ee,e261f4a2-7d40-4d60-9d28-ecaf79e6534b,e261f4a2-7d40-4d60-9d28-ecaf79e6534b,1,,21.298300400000002,-157.76241740000245,POINT (-157.76241740000245 21.298300400000002),617403,2021-06-28 01:10:00 UTC,2021-06-27 06:29:59 UTC,332.74698983580925,,,818.39501953125,,,21.298300400000002,N,-157.76241740000245,W,motorola,moto x4,,810.0,1080.0,"Fulcrum Android 2.43.1 (6564), Android 9, motorola, moto x4",72.0,72.0
f2f87b4a-f224-48f2-b73a-d8351c1d8502,b8e11091-8851-4e4a-b953-47403605c8b8,b8e11091-8851-4e4a-b953-47403605c8b8,1,,21.30159290000841,-157.76254060000255,POINT (-157.76254060000255 21.30159290000841),689755,2021-06-28 01:10:03 UTC,2021-06-27 06:39:16 UTC,382.0,,,4.896,,,21.30159290000841,N,-157.76254060000255,W,motorola,moto x4,,810.0,1080.0,"Fulcrum Android 2.43.1 (6564), Android 9, motorola, moto x4",72.0,72.0
bcefe12f-f89a-4114-821e-0dbac29b8133,d78cea0a-e29a-4180-ae65-200c0787b981,d78cea0a-e29a-4180-ae65-200c0787b981,1,,21.3230225,-157.7565676,POINT (-157.7565676 21.3230225),755926,2021-06-28 01:10:06 UTC,2021-06-27 08:04:39 UTC,585.1112802300017,,,829.458984375,,,21.3230225,N,-157.7565676,W,motorola,moto x4,,810.0,1080.0,"Fulcrum Android 2.43.1 (6564), Android 9, motorola, moto x4",72.0,72.0
3e05ad3c-4134-4509-a91f-31bd9fc03c29,7e2202f0-8b82-48cd-aed4-eb1a86fda12d,7e2202f0-8b82-48cd-aed4-eb1a86fda12d,1,,21.35888009999805,-157.7646376,POINT (-157.7646376 21.35888009999805),637764,2021-06-28 01:10:09 UTC,2021-06-27 09:48:00 UTC,77.03356812678847,,,378.4349975684876,,,21.35888009999805,N,-157.7646376,W,motorola,moto x4,,1080.0,810.0,"Fulcrum Android 2.43.1 (6564), Android 9, motorola, moto x4",72.0,72.0
e7083012-286f-480a-8139-8083e77a096b,954e7072-04e3-47f2-a801-80a9e5065254,954e7072-04e3-47f2-a801-80a9e5065254,1,,21.35772210007736,-157.76430370000102,POINT (-157.76430370000102 21.35772210007736),641242,2021-06-28 01:10:11 UTC,2021-06-27 09:52:04 UTC,153.9353803452164,,,14.548000342553738,,,21.35772210007736,N,-157.76430370000102,W,motorola,moto x4,,1080.0,810.0,"Fulcrum Android 2.43.1 (6564), Android 9, motorola, moto x4",72.0,72.0
8e18682c-f503-439a-ae18-b3e6fe274bf0,f6929a18-1be0-4f99-8a9f-09aed69cfb16,f6929a18-1be0-4f99-8a9f-09aed69cfb16,1,,21.357290600000002,-157.764300699999,POINT (-157.764300699999 21.357290600000002),650038,2021-06-28 01:10:14 UTC,2021-06-27 09:55:00 UTC,87.25623555177029,,,6.277999868929812,,,21.357290600000002,N,-157.764300699999,W,motorola,moto x4,,810.0,1080.0,"Fulcrum Android 2.43.1 (6564), Android 9, motorola, moto x4",72.0,72.0
63ed2e09-252b-47b2-81dc-c3f18ed7b59b,8f2ee6c7-0fc7-4be8-8e08-901af3b2c5b2,8f2ee6c7-0fc7-4be8-8e08-901af3b2c5b2,1,,21.357284900002206,-157.7642835,POINT (-157.7642835 21.357284900002206),631263,2021-06-28 01:10:17 UTC,2021-06-27 09:56:25 UTC,83.68428045789044,,,15.009900990099009,,,21.357284900002206,N,-157.7642835,W,motorola,moto x4,,1080.0,810.0,"Fulcrum Android 2.43.1 (6564), Android 9, motorola, moto x4",72.0,72.0
589a37e2-02af-4f77-a569-4140c2ea70a0,06e7ed07-4c56-40e0-bbcd-1d6d1e522663,06e7ed07-4c56-40e0-bbcd-1d6d1e522663,1,,21.357022500000003,-157.76429410000208,POINT (-157.76429410000208 21.357022500000003),561862,2021-06-28 01:10:20 UTC,2021-06-27 09:58:39 UTC,67.93145255304266,,,13.4,,,21.357022500000003,N,-157.76429410000208,W,motorola,moto x4,,810.0,1080.0,"Fulcrum Android 2.43.1 (6564), Android 9, motorola, moto x4",72.0,72.0
1926e583-6539-4a7b-9ee8-5bf624ab9922,1428652e-6671-4e28-a8b4-adb890d4fe5c,1428652e-6671-4e28-a8b4-adb890d4fe5c,1,,21.3571576,-157.76428409999903,POINT (-157.76428409999903 21.3571576),692368,2021-06-28 01:10:23 UTC,2021-06-27 10:01:32 UTC,83.10042353990191,,,11.07,,,21.3571576,N,-157.76428409999903,W,motorola,moto x4,,810.0,1080.0,"Fulcrum Android 2.43.1 (6564), Android 9, motorola, moto x4",72.0,72.0
5b7c45ec-152c-461f-8aad-bbc675d217ce,3cfa5431-0329-4116-b3d7-f9a5f23302b0,3cfa5431-0329-4116-b3d7-f9a5f23302b0,1,,21.356883,-157.76427269999726,POINT (-157.76427269999726 21.356883),758220,2021-06-28 01:10:26 UTC,2021-06-27 10:03:12 UTC,136.65410991075623,,,10.184,,,21.356883,N,-157.76427269999726,W,motorola,moto x4,,1080.0,810.0,"Fulcrum Android 2.43.1 (6564), Android 9, motorola, moto x4",72.0,72.0
ef971e75-c8fc-4984-9c2c-4093bf61d9b6,0df072b5-db6f-472e-88bd-a8bc3d55f920,0df072b5-db6f-472e-88bd-a8bc3d55f920,1,,21.355658000000002,-157.7645652,POINT (-157.7645652 21.355658000000002),548356,2021-06-28 01:10:29 UTC,2021-06-27 10:07:24 UTC,52.96622633800899,,,23.940999974786315,,,21.355658000000002,N,-157.7645652,W,motorola,moto x4,,810.0,1080.0,"Fulcrum Android 2.43.1 (6564), Android 9, motorola, moto x4",72.0,72.0
8795d92e-9655-4892-b182-7076664b1ce1,49549f0d-b1bc-4f40-833a-e71e0a007f31,49549f0d-b1bc-4f40-833a-e71e0a007f31,1,,21.356259399997718,-157.7650532,POINT (-157.7650532 21.356259399997718),683953,2021-06-28 01:10:32 UTC,2021-06-27 10:09:40 UTC,66.33726763056949,,,14.052,,,21.356259399997718,N,-157.7650532,W,motorola,moto x4,,1080.0,810.0,"Fulcrum Android 2.43.1 (6564), Android 9, motorola, moto x4",72.0,72.0
60f54480-70e5-4f66-a7cc-81bbb0d02c98,806bc51f-8bd1-47ee-aad1-de31a5000c85,806bc51f-8bd1-47ee-aad1-de31a5000c85,1,,21.35606669999815,-157.7648164,POINT (-157.7648164 21.35606669999815),698068,2021-06-28 01:10:35 UTC,2021-06-27 10:11:00 UTC,100.35810227004949,,,9.648,,,21.35606669999815,N,-157.7648164,W,motorola,moto x4,,810.0,1080.0,"Fulcrum Android 2.43.1 (6564), Android 9, motorola, moto x4",72.0,72.0
1fb89ef9-bc15-4392-8f03-f0d230d84b1a,ab33a6b0-1abf-4de2-a921-4f0c8344cc45,ab33a6b0-1abf-4de2-a921-4f0c8344cc45,1,,21.356171200000002,-157.7647113997114,POINT (-157.7647113997114 21.356171200000002),639592,2021-06-28 01:10:38 UTC,2021-06-27 10:12:17 UTC,98.73879410829713,,,7.682000163412043,,,21.356171200000002,N,-157.7647113997114,W,motorola,moto x4,,810.0,1080.0,"Fulcrum Android 2.43.1 (6564), Android 9, motorola, moto x4",72.0,72.0
fbd22ddc-592a-46f3-9a3f-903aa18d5a36,40df0e40-33f4-45e8-a53e-633466f041d7,40df0e40-33f4-45e8-a53e-633466f041d7,1,,21.3561975,-157.76475069999904,POINT (-157.76475069999904 21.3561975),531147,2021-06-28 01:10:40 UTC,2021-06-27 10:15:16 UTC,96.42797364672364,,,12.468000418979784,,,21.3561975,N,-157.76475069999904,W,motorola,moto x4,,810.0,1080.0,"Fulcrum Android 2.43.1 (6564), Android 9, motorola, moto x4",72.0,72.0
a3302eaa-5e19-4996-8eeb-4e3df91da578,99bd5352-8aee-41fe-a548-e7801764d954,99bd5352-8aee-41fe-a548-e7801764d954,1,,21.35594429999907,-157.76491530000166,POINT (-157.76491530000166 21.35594429999907),597386,2021-06-28 01:10:43 UTC,2021-06-27 10:17:33 UTC,87.64323644494131,,,7.504,,,21.35594429999907,N,-157.76491530000166,W,motorola,moto x4,,810.0,1080.0,"Fulcrum Android 2.43.1 (6564), Android 9, motorola, moto x4",72.0,72.0
dfea50b5-baf6-41e0-952e-2dd3db584115,46e2f298-a640-48f6-8e9c-5f2f6b0e0828,46e2f298-a640-48f6-8e9c-5f2f6b0e0828,1,,21.355743299997375,-157.76518089999783,POINT (-157.76518089999783 21.355743299997375),552430,2021-06-28 01:10:45 UTC,2021-06-27 10:18:55 UTC,81.66554054054055,,,9.187999716974456,,,21.355743299997375,N,-157.76518089999783,W,motorola,moto x4,,810.0,1080.0,"Fulcrum Android 2.43.1 (6564), Android 9, motorola, moto x4",72.0,72.0
88ed6b4a-437f-41c4-a87e-aa5fda57b71d,fc1e7c67-6f3f-49df-acd7-670944e786a2,fc1e7c67-6f3f-49df-acd7-670944e786a2,1,,21.355772099999026,-157.76534569999902,POINT (-157.76534569999902 21.355772099999026),628125,2021-06-28 01:10:48 UTC,2021-06-27 10:21:23 UTC,83.529609067777,,,7.717999926032768,,,21.355772099999026,N,-157.76534569999902,W,motorola,moto x4,,1080.0,810.0,"Fulcrum Android 2.43.1 (6564), Android 9, motorola, moto x4",72.0,72.0
826aa690-d50c-4d7c-9fd6-0ca5c89cdf21,7357bbc8-c274-4832-952f-5effad0a8106,7357bbc8-c274-4832-952f-5effad0a8106,1,,21.35578969999819,-157.765356199998,POINT (-157.765356199998 21.35578969999819),615892,2021-06-28 01:10:51 UTC,2021-06-27 10:22:34 UTC,83.07095622966307,,,8.55099963649582,,,21.35578969999819,N,-157.765356199998,W,motorola,moto x4,,1080.0,810.0,"Fulcrum Android 2.43.1 (6564), Android 9, motorola, moto x4",72.0,72.0
53577660-c21c-4061-b5f4-b9bb36704632,663544f0-f0e2-4cfc-ae09-8cfd3aef4810,663544f0-f0e2-4cfc-ae09-8cfd3aef4810,1,,21.355695800002554,-157.7655296,POINT (-157.7655296 21.355695800002554),628245,2021-06-28 01:10:54 UTC,2021-06-27 10:24:21 UTC,79.19656558275484,,,11.026,,,21.355695800002554,N,-157.7655296,W,motorola,moto x4,,810.0,1080.0,"Fulcrum Android 2.43.1 (6564), Android 9, motorola, moto x4",72.0,72.0
dceaf125-9f6e-4958-be29-f6d98cbc207e,b5e6039d-2f55-49b8-98ac-1b24b43df9dd,b5e6039d-2f55-49b8-98ac-1b24b43df9dd,1,,21.355695800002554,-157.7655404,POINT (-157.7655404 21.355695800002554),523962,2021-06-28 01:10:57 UTC,2021-06-27 10:29:32 UTC,103.26299048297624,,,6.86,,,21.355695800002554,N,-157.7655404,W,motorola,moto x4,,810.0,1080.0,"Fulcrum Android 2.43.1 (6564), Android 9, motorola, moto x4",72.0,72.0
909089bd-efe8-48d1-949c-4a250b21d3c4,2ddbbda1-2a1c-44f9-837c-0c3912094f36,2ddbbda1-2a1c-44f9-837c-0c3912094f36,1,,21.354950299997643,-157.76672860000002,POINT (-157.76672860000002 21.354950299997643),610764,2021-06-28 01:11:00 UTC,2021-06-27 10:31:53 UTC,88.28624689312345,,,4.288,,,21.354950299997643,N,-157.76672860000002,W,motorola,moto x4,,810.0,1080.0,"Fulcrum Android 2.43.1 (6564), Android 9, motorola, moto x4",72.0,72.0
790d5519-ef4c-4143-ad15-f427f3c740d0,0770f5ec-60e8-4992-8da1-d1d93c793932,0770f5ec-60e8-4992-8da1-d1d93c793932,1,,21.355006199997618,-157.76671000000002,POINT (-157.76671000000002 21.355006199997618),657413,2021-06-28 01:11:03 UTC,2021-06-27 10:34:00 UTC,100.73909880195954,,,9.648,,,21.355006199997618,N,-157.76671000000002,W,motorola,moto x4,,1080.0,810.0,"Fulcrum Android 2.43.1 (6564), Android 9, motorola, moto x4",72.0,72.0
5c20b6e4-2a9f-41b5-9e32-fd3ef67861f3,7c918c2a-678f-4e32-a9b5-57443c0a8ca3,7c918c2a-678f-4e32-a9b5-57443c0a8ca3,1,,21.3548136,-157.767126599998,POINT (-157.767126599998 21.3548136),667283,2021-06-28 01:11:06 UTC,2021-06-27 10:46:01 UTC,109.94803695150115,,,8.307999610250414,,,21.3548136,N,-157.767126599998,W,motorola,moto x4,,810.0,1080.0,"Fulcrum Android 2.43.1 (6564), Android 9, motorola, moto x4",72.0,72.0
bec78651-6220-40e5-ad52-0d965c81b87f,d820312f-fdd2-4002-80a3-ace5857937b6,d820312f-fdd2-4002-80a3-ace5857937b6,1,,21.278377499999998,-157.8218692999989,POINT (-157.8218692999989 21.278377499999998),588635,2021-06-28 15:24:21 UTC,2021-06-28 04:41:00 UTC,26.18203577727387,,,6.217,,,21.278377499999998,N,-157.8218692999989,W,motorola,moto x4,,810.0,1080.0,"Fulcrum Android 2.43.1 (6564), Android 9, motorola, moto x4",72.0,72.0
66d0eba2-33a3-4eaf-b793-5d37c0f76c24,f0e7a381-bb34-42db-a722-0a69f11097c7,f0e7a381-bb34-42db-a722-0a69f11097c7,1,,21.277129943502825,-157.82386609999756,POINT (-157.82386609999756 21.277129943502825),594668,2021-06-28 15:24:24 UTC,2021-06-28 04:51:07 UTC,17.48742761353246,,,5.396999839563613,,,21.277129943502825,N,-157.82386609999756,W,motorola,moto x4,,810.0,1080.0,"Fulcrum Android 2.43.1 (6564), Android 9, motorola, moto x4",72.0,72.0
844b3e7d-e6c4-4a53-ae4b-c80c84ea97d8,2e10c6e0-b66e-4bad-98d2-6fff664a5065,2e10c6e0-b66e-4bad-98d2-6fff664a5065,1,,19.438560606060605,-155.30256459948322,POINT (-155.30256459948322 19.438560606060605),702470,2021-06-29 05:00:01 UTC,2021-06-28 16:40:02 UTC,1237.6864000613473,,,5.972,,,19.438560606060605,N,-155.30256459948322,W,motorola,moto x4,,1080.0,810.0,"Fulcrum Android 2.43.1 (6564), Android 9, motorola, moto x4",72.0,72.0
6ef308c5-1018-4711-a749-405b46abf8bc,5c95d34b-464f-4e7e-a312-6d314c0e516e,5c95d34b-464f-4e7e-a312-6d314c0e516e,1,,19.4385815,-155.30255060000002,POINT (-155.30255060000002 19.4385815),683284,2021-06-29 05:00:12 UTC,2021-06-28 16:41:33 UTC,1239.972537189223,,,5.155000288533672,,,19.4385815,N,-155.30255060000002,W,motorola,moto x4,,810.0,1080.0,"Fulcrum Android 2.43.1 (6564), Android 9, motorola, moto x4",72.0,72.0
97457010-fcb7-4e39-86e1-aeeac7f943b0,9e05fa86-74b8-4795-acf1-332d7e844460,9e05fa86-74b8-4795-acf1-332d7e844460,1,,19.4390487000021,-155.30251669999865,POINT (-155.30251669999865 19.4390487000021),554528,2021-06-29 05:00:21 UTC,2021-06-28 16:43:21 UTC,1237.5,,,4.873000141582897,,,19.4390487000021,N,-155.30251669999865,W,motorola,moto x4,,810.0,1080.0,"Fulcrum Android 2.43.1 (6564), Android 9, motorola, moto x4",72.0,72.0
c79b784b-2833-45b3-a83c-5cc9637fc7cd,041c1215-4877-476b-8d09-8f33c794427b,041c1215-4877-476b-8d09-8f33c794427b,1,,19.4392784,-155.30263010000164,POINT (-155.30263010000164 19.4392784),770997,2021-06-29 05:00:32 UTC,2021-06-28 16:45:51 UTC,1245.9002165439583,,,5.36,,,19.4392784,N,-155.30263010000164,W,motorola,moto x4,,1080.0,810.0,"Fulcrum Android 2.43.1 (6564), Android 9, motorola, moto x4",72.0,72.0
addc4e50-8cdb-43b6-9f7c-fb77c65ca9bb,fb99b449-41fd-40d9-9443-52d3a4b2a13c,fb99b449-41fd-40d9-9443-52d3a4b2a13c,1,,19.44047689999797,-155.30133400000003,POINT (-155.30133400000003 19.44047689999797),584963,2021-06-29 05:00:41 UTC,2021-06-28 16:48:52 UTC,1245.7341887653265,,,3.65,,,19.44047689999797,N,-155.30133400000003,W,motorola,moto x4,,1080.0,810.0,"Fulcrum Android 2.43.1 (6564), Android 9, motorola, moto x4",72.0,72.0
70587420-2b4d-498c-846c-9d3de36ebb06,c95c9110-3bb8-4bef-bb0f-89152ab1445e,c95c9110-3bb8-4bef-bb0f-89152ab1445e,1,,19.440473800001865,-155.3013425925926,POINT (-155.3013425925926 19.440473800001865),598622,2021-06-29 05:00:58 UTC,2021-06-28 16:50:51 UTC,1243.176639977525,,,5.922999856877057,,,19.440473800001865,N,-155.3013425925926,W,motorola,moto x4,,1080.0,810.0,"Fulcrum Android 2.43.1 (6564), Android 9, motorola, moto x4",72.0,72.0
463b68c8-8eb6-44fb-aa65-1682fac546ed,9098c0a2-6ad1-4acb-8b33-bcb03ec6e873,9098c0a2-6ad1-4acb-8b33-bcb03ec6e873,1,,19.4418865,-155.30130540000206,POINT (-155.30130540000206 19.4418865),578553,2021-06-29 05:01:18 UTC,2021-06-28 16:52:54 UTC,1264.8557623193035,,,15.009900990099009,,,19.4418865,N,-155.30130540000206,W,motorola,moto x4,,810.0,1080.0,"Fulcrum Android 2.43.1 (6564), Android 9, motorola, moto x4",72.0,72.0
b4826560-e8b1-4244-bb13-6369fe428462,e58bac61-7090-426c-8c51-ffa166c7827b,e58bac61-7090-426c-8c51-ffa166c7827b,1,,19.4419225,-155.3011846,POINT (-155.3011846 19.4419225),604783,2021-06-29 05:01:35 UTC,2021-06-28 16:54:59 UTC,1261.913203883495,,,6.432,,,19.4419225,N,-155.3011846,W,motorola,moto x4,,810.0,1080.0,"Fulcrum Android 2.43.1 (6564), Android 9, motorola, moto x4",72.0,72.0
ba65ad03-5102-4995-bba2-6aef1634ff38,f685d81a-779e-4215-816d-fb2eb258ce62,f685d81a-779e-4215-816d-fb2eb258ce62,1,,19.4422725,-155.30167229999856,POINT (-155.30167229999856 19.4422725),506626,2021-06-29 05:01:56 UTC,2021-06-28 16:56:39 UTC,1259.909182643794,,,6.432,,,19.4422725,N,-155.30167229999856,W,motorola,moto x4,,1080.0,810.0,"Fulcrum Android 2.43.1 (6564), Android 9, motorola, moto x4",72.0,72.0
c8c1e202-5ca8-4059-93f9-55c34ba4fbe3,05b2eb78-9a6d-4629-9d1c-a4b5ad462ecd,05b2eb78-9a6d-4629-9d1c-a4b5ad462ecd,1,,19.442681,-155.30162940000193,POINT (-155.30162940000193 19.442681),571982,2021-06-29 05:02:11 UTC,2021-06-28 16:58:52 UTC,1272.5240831103415,,,5.752,,,19.442681,N,-155.30162940000193,W,motorola,moto x4,,1080.0,810.0,"Fulcrum Android 2.43.1 (6564), Android 9, motorola, moto x4",72.0,72.0
e5ac4cfd-6826-4a42-9f17-c7ccf3a0251c,155850c4-18bb-439e-9216-935bf1024c37,155850c4-18bb-439e-9216-935bf1024c37,1,,19.442553800001928,-155.3038888888889,POINT (-155.3038888888889 19.442553800001928),626278,2021-06-29 05:02:26 UTC,2021-06-28 17:02:16 UTC,1281.278275988287,,,3.793999901151584,,,19.442553800001928,N,-155.3038888888889,W,motorola,moto x4,,1080.0,810.0,"Fulcrum Android 2.43.1 (6564), Android 9, motorola, moto x4",72.0,72.0
9b4c2369-d84b-4636-bcca-3f7050f7f841,7aa56aaa-bc6e-4509-9c5f-fc6365c1f097,7aa56aaa-bc6e-4509-9c5f-fc6365c1f097,1,,19.442554700001583,-155.30392449937722,POINT (-155.30392449937722 19.442554700001583),547635,2021-06-29 05:02:39 UTC,2021-06-28 17:04:03 UTC,1277.6257317225059,,,3.776,,,19.442554700001583,N,-155.30392449937722,W,motorola,moto x4,,810.0,1080.0,"Fulcrum Android 2.43.1 (6564), Android 9, motorola, moto x4",72.0,72.0
796cac64-2ac2-40f7-8d59-1fc0248ef81f,06915a8d-4802-4b81-b48e-9ad5422fb3d2,06915a8d-4802-4b81-b48e-9ad5422fb3d2,1,,19.44126389999778,-155.30481840000002,POINT (-155.30481840000002 19.44126389999778),592243,2021-06-29 05:02:55 UTC,2021-06-28 17:06:51 UTC,1277.9317146160647,,,3.647000083215445,,,19.44126389999778,N,-155.30481840000002,W,motorola,moto x4,,810.0,1080.0,"Fulcrum Android 2.43.1 (6564), Android 9, motorola, moto x4",72.0,72.0
e5113865-02a6-408a-a568-0ac0d3476ba6,e46086c1-4777-4f49-9cde-fd4711478bed,e46086c1-4777-4f49-9cde-fd4711478bed,1,,19.4411228,-155.3048396,POINT (-155.3048396 19.4411228),616390,2021-06-29 05:03:16 UTC,2021-06-28 17:09:49 UTC,1261.7091613754433,,,14.70800019150668,,,19.4411228,N,-155.3048396,W,motorola,moto x4,,1080.0,810.0,"Fulcrum Android 2.43.1 (6564), Android 9, motorola, moto x4",72.0,72.0
48b92937-7a42-4851-af60-21a4edf543e1,3c267242-08ab-494d-8481-8f5c57227be5,3c267242-08ab-494d-8481-8f5c57227be5,1,,19.4401204,-155.30513970000152,POINT (-155.30513970000152 19.4401204),557442,2021-06-29 05:03:27 UTC,2021-06-28 17:11:37 UTC,1259.58517300272,,,3.8510000749119784,,,19.4401204,N,-155.30513970000152,W,motorola,moto x4,,1080.0,810.0,"Fulcrum Android 2.43.1 (6564), Android 9, motorola, moto x4",72.0,72.0
79e18406-c2d5-41d1-9c98-928a046e66e3,607cbf1d-8ef8-4afc-9fa4-3b208d64101a,607cbf1d-8ef8-4afc-9fa4-3b208d64101a,1,,19.4396836,-155.30397230000108,POINT (-155.30397230000108 19.4396836),548368,2021-06-29 05:03:38 UTC,2021-06-28 17:14:23 UTC,1188.0664079083026,,,13.4,,,19.4396836,N,-155.30397230000108,W,motorola,moto x4,,1080.0,810.0,"Fulcrum Android 2.43.1 (6564), Android 9, motorola, moto x4",72.0,72.0
80555080-6da2-4620-88b7-9b657bc6fc60,1b29d480-f395-4a67-96b2-6b0b3f042813,1b29d480-f395-4a67-96b2-6b0b3f042813,1,,19.4427615,-155.3026994000025,POINT (-155.3026994000025 19.4427615),602702,2021-06-29 05:03:52 UTC,2021-06-28 17:28:09 UTC,1263.8415631848063,,,3.5710001034233114,,,19.4427615,N,-155.3026994000025,W,motorola,moto x4,,810.0,1080.0,"Fulcrum Android 2.43.1 (6564), Android 9, motorola, moto x4",72.0,72.0
7368247a-91cd-4810-a964-40bcebf4c74d,ba2eef63-5d08-4704-85ff-db822487fc37,ba2eef63-5d08-4704-85ff-db822487fc37,1,,19.442592592592593,-155.3027285,POINT (-155.3027285 19.442592592592593),647202,2021-06-29 05:04:06 UTC,2021-06-28 17:30:10 UTC,1253.1167912984365,,,20.368,,,19.442592592592593,N,-155.3027285,W,motorola,moto x4,,810.0,1080.0,"Fulcrum Android 2.43.1 (6564), Android 9, motorola, moto x4",72.0,72.0
c91583b8-0099-474e-8300-87fd01512478,be62a142-4390-4101-8e16-9de8f6f51e9e,be62a142-4390-4101-8e16-9de8f6f51e9e,1,,19.442791799997604,-155.30306989999875,POINT (-155.30306989999875 19.442791799997604),546403,2021-06-29 05:04:18 UTC,2021-06-28 17:32:55 UTC,1263.922139016897,,,3.825,,,19.442791799997604,N,-155.30306989999875,W,motorola,moto x4,,810.0,1080.0,"Fulcrum Android 2.43.1 (6564), Android 9, motorola, moto x4",72.0,72.0
2baf648b-4b75-4718-a11e-8e86def9d1d7,b0a6b63e-2eb1-47fb-99bf-f427cba50f1c,b0a6b63e-2eb1-47fb-99bf-f427cba50f1c,1,,19.442644600001955,-155.3038056,POINT (-155.3038056 19.442644600001955),548849,2021-06-29 05:04:28 UTC,2021-06-28 17:34:58 UTC,1272.9854789770263,,,4.778999811994736,,,19.442644600001955,N,-155.3038056,W,motorola,moto x4,,810.0,1080.0,"Fulcrum Android 2.43.1 (6564), Android 9, motorola, moto x4",72.0,72.0
859e138c-978f-43ce-8947-de116c2a5562,84313ace-bc2a-4f58-99b1-c678569e7ad4,84313ace-bc2a-4f58-99b1-c678569e7ad4,1,,19.442137899997633,-155.30467289999908,POINT (-155.30467289999908 19.442137899997633),518268,2021-06-29 05:04:38 UTC,2021-06-28 17:37:42 UTC,1267.2344379064725,,,7.5170001942879345,,,19.442137899997633,N,-155.30467289999908,W,motorola,moto x4,,810.0,1080.0,"Fulcrum Android 2.43.1 (6564), Android 9, motorola, moto x4",72.0,72.0
2fbd0033-8b6a-4c76-a6c2-c0254011c252,2a17b038-20f0-42e3-b639-bb096c643af6,2a17b038-20f0-42e3-b639-bb096c643af6,1,,19.4416392,-155.3048,POINT (-155.3048 19.4416392),540139,2021-06-29 05:04:49 UTC,2021-06-28 17:39:33 UTC,1270.1277958626483,,,4.645,,,19.4416392,N,-155.3048,W,motorola,moto x4,,810.0,1080.0,"Fulcrum Android 2.43.1 (6564), Android 9, motorola, moto x4",72.0,72.0
2eea88ee-78d5-43d7-ae30-cffe53dcae62,6098853b-daa2-45ec-a686-8a8b7ed3d90f,6098853b-daa2-45ec-a686-8a8b7ed3d90f,1,,19.441666666666666,-155.30471450000002,POINT (-155.30471450000002 19.441666666666666),579582,2021-06-29 05:05:03 UTC,2021-06-28 17:41:06 UTC,1271.9661663092686,,,14.239000315026777,,,19.441666666666666,N,-155.30471450000002,W,motorola,moto x4,,810.0,1080.0,"Fulcrum Android 2.43.1 (6564), Android 9, motorola, moto x4",72.0,72.0
99f72236-1a94-43b4-8969-2daa7b2e5cd0,0589e193-3124-4d57-bc00-58a1d57dfd75,0589e193-3124-4d57-bc00-58a1d57dfd75,1,,19.42869769999896,-155.2242526,POINT (-155.2242526 19.42869769999896),602891,2021-06-29 05:05:22 UTC,2021-06-28 18:10:25 UTC,1144.508281877879,,,3.216,,,19.42869769999896,N,-155.2242526,W,motorola,moto x4,,810.0,1080.0,"Fulcrum Android 2.43.1 (6564), Android 9, motorola, moto x4",72.0,72.0
27ffd37b-894b-48cd-a5b2-a22d30cb3014,5dd8c3e1-7b53-491e-923e-723fbb1ab791,5dd8c3e1-7b53-491e-923e-723fbb1ab791,1,,19.1097845,-155.82555839969663,POINT (-155.82555839969663 19.1097845),705094,2021-06-30 15:45:33 UTC,2021-06-29 06:47:03 UTC,567.0797175305765,,,3.216,,,19.1097845,N,-155.82555839969663,W,motorola,moto x4,,1080.0,810.0,"Fulcrum Android 2.43.1 (6564), Android 9, motorola, moto x4",72.0,72.0
616f12e5-1b0c-4a02-bcff-7fd74d6cafd9,e45f9f01-821c-429e-b48d-263146460e94,e45f9f01-821c-429e-b48d-263146460e94,1,,19.110651800000003,-155.82449419999742,POINT (-155.82449419999742 19.110651800000003),575859,2021-06-30 15:45:43 UTC,2021-06-29 06:49:14 UTC,585.009900990099,,,8.932999614940316,,,19.110651800000003,N,-155.82449419999742,W,motorola,moto x4,,810.0,1080.0,"Fulcrum Android 2.43.1 (6564), Android 9, motorola, moto x4",72.0,72.0
b1096912-4107-41aa-890d-a30357fa6103,fe8c2b12-0488-47f6-8ba8-2c9226ff6a98,fe8c2b12-0488-47f6-8ba8-2c9226ff6a98,1,,19.11084630000106,-155.824263,POINT (-155.824263 19.11084630000106),616706,2021-06-30 15:45:54 UTC,2021-06-29 06:51:28 UTC,584.0563215221288,,,9.38,,,19.11084630000106,N,-155.824263,W,motorola,moto x4,,1080.0,810.0,"Fulcrum Android 2.43.1 (6564), Android 9, motorola, moto x4",72.0,72.0
0e2f4c3b-8906-4e80-929d-606955f7cbe7,db8cb332-f066-4506-bbd1-bfc71da6e34f,db8cb332-f066-4506-bbd1-bfc71da6e34f,1,,19.111782299998527,-155.82333770000164,POINT (-155.82333770000164 19.111782299998527),636160,2021-06-30 15:46:05 UTC,2021-06-29 06:54:42 UTC,610.4006035003017,,,3.5420000647899186,,,19.111782299998527,N,-155.82333770000164,W,motorola,moto x4,,1080.0,810.0,"Fulcrum Android 2.43.1 (6564), Android 9, motorola, moto x4",72.0,72.0
9276fb1d-bdc9-47b9-8e1c-a9965d7115d4,26633e4b-72cd-42eb-b9d4-471a7f84da70,26633e4b-72cd-42eb-b9d4-471a7f84da70,1,,19.112368600002345,-155.8229025,POINT (-155.8229025 19.112368600002345),676213,2021-06-30 15:46:16 UTC,2021-06-29 06:57:28 UTC,583.5145488980717,,,7.77199981657266,,,19.112368600002345,N,-155.8229025,W,motorola,moto x4,,810.0,1080.0,"Fulcrum Android 2.43.1 (6564), Android 9, motorola, moto x4",72.0,72.0
20120a06-d156-4356-9278-26bb0bee8735,59ebfb94-ce04-46d0-b736-432e4695ca90,59ebfb94-ce04-46d0-b736-432e4695ca90,1,,19.112855200000002,-155.8226992,POINT (-155.8226992 19.112855200000002),624139,2021-06-30 15:46:27 UTC,2021-06-29 07:00:07 UTC,591.5792786492157,,,7.075,,,19.112855200000002,N,-155.8226992,W,motorola,moto x4,,1080.0,810.0,"Fulcrum Android 2.43.1 (6564), Android 9, motorola, moto x4",72.0,72.0
597cadcb-b82f-4e5d-9a42-093858914d64,7cb2abf2-9b55-413a-9a7b-906d6d9c13f7,7cb2abf2-9b55-413a-9a7b-906d6d9c13f7,1,,19.113416500000003,-155.8222284,POINT (-155.8222284 19.113416500000003),560608,2021-06-30 15:46:36 UTC,2021-06-29 07:03:28 UTC,612.2239795689771,,,4.302999964243573,,,19.113416500000003,N,-155.8222284,W,motorola,moto x4,,810.0,1080.0,"Fulcrum Android 2.43.1 (6564), Android 9, motorola, moto x4",72.0,72.0
0294485e-ad59-401b-97cf-31ef34d624f1,9a7d5dac-9bd1-4920-bfe4-b8ade35967bc,9a7d5dac-9bd1-4920-bfe4-b8ade35967bc,1,,19.113618100002455,-155.82177190000272,POINT (-155.82177190000272 19.113618100002455),607402,2021-06-30 15:46:46 UTC,2021-06-29 07:06:56 UTC,627.8138854035968,,,8.04,,,19.113618100002455,N,-155.82177190000272,W,motorola,moto x4,,1080.0,810.0,"Fulcrum Android 2.43.1 (6564), Android 9, motorola, moto x4",72.0,72.0
a063ac7f-aff9-4290-b8fa-be6561c721ab,fe2ba370-69de-4c83-b03b-261ec14aae68,fe2ba370-69de-4c83-b03b-261ec14aae68,1,,19.11357970000114,-155.82163690000266,POINT (-155.82163690000266 19.11357970000114),690350,2021-06-30 15:46:56 UTC,2021-06-29 07:10:16 UTC,609.2629073212019,,,8.932999614940316,,,19.11357970000114,N,-155.82163690000266,W,motorola,moto x4,,1080.0,810.0,"Fulcrum Android 2.43.1 (6564), Android 9, motorola, moto x4",72.0,72.0
3f1c9e4a-bd17-4b35-9467-7c6fb19b6096,fe427967-e93f-4330-ae8e-8ea7dfd151e8,fe427967-e93f-4330-ae8e-8ea7dfd151e8,1,,19.113842099998184,-155.8212175,POINT (-155.8212175 19.113842099998184),656687,2021-06-30 15:47:06 UTC,2021-06-29 07:12:58 UTC,617.3478260869565,,,7.504,,,19.113842099998184,N,-155.8212175,W,motorola,moto x4,,1080.0,810.0,"Fulcrum Android 2.43.1 (6564), Android 9, motorola, moto x4",72.0,72.0
94fad020-563b-45d4-bb89-0814d49e89ec,108863f7-7dc4-4c69-ae20-ee4f9a1503ec,108863f7-7dc4-4c69-ae20-ee4f9a1503ec,1,,19.11389370000216,-155.8212618,POINT (-155.8212618 19.11389370000216),568169,2021-06-30 15:47:14 UTC,2021-06-29 07:15:11 UTC,637.8215107992545,,,8.890999787730843,,,19.11389370000216,N,-155.8212618,W,motorola,moto x4,,1080.0,810.0,"Fulcrum Android 2.43.1 (6564), Android 9, motorola, moto x4",72.0,72.0
49d328ae-7d22-4ce6-837c-232679255500,d9a608c6-4cd0-4696-8c67-99db7f281b15,d9a608c6-4cd0-4696-8c67-99db7f281b15,1,,19.114283800000003,-155.8209321002677,POINT (-155.8209321002677 19.114283800000003),596862,2021-06-30 15:47:24 UTC,2021-06-29 07:18:14 UTC,631.46904181892,,,3.9130001108278845,,,19.114283800000003,N,-155.8209321002677,W,motorola,moto x4,,1080.0,810.0,"Fulcrum Android 2.43.1 (6564), Android 9, motorola, moto x4",72.0,72.0
d137d50d-e76c-4cc1-821d-92ef8de7b273,ba9cf41a-2b28-426e-bad8-0e4a862493d1,ba9cf41a-2b28-426e-bad8-0e4a862493d1,1,,19.11504970000236,-155.81953779999793,POINT (-155.81953779999793 19.11504970000236),562862,2021-06-30 15:47:32 UTC,2021-06-29 07:23:32 UTC,613.8082284680883,,,11.792,,,19.11504970000236,N,-155.81953779999793,W,motorola,moto x4,,810.0,1080.0,"Fulcrum Android 2.43.1 (6564), Android 9, motorola, moto x4",72.0,72.0
1353cea1-ad3e-47f4-9620-9247011b03c9,460b37f1-e393-420c-8b76-1934a4c33c81,460b37f1-e393-420c-8b76-1934a4c33c81,1,,19.115000000000002,-155.8196866000019,POINT (-155.8196866000019 19.115000000000002),581669,2021-06-30 15:47:41 UTC,2021-06-29 07:26:41 UTC,612.8257702851998,,,5.767000204206657,,,19.115000000000002,N,-155.8196866000019,W,motorola,moto x4,,810.0,1080.0,"Fulcrum Android 2.43.1 (6564), Android 9, motorola, moto x4",72.0,72.0
e7b74c88-622f-4aa4-a0ce-c6e9dc13a379,e3e9a66d-da78-441b-91be-faa598d806ba,e3e9a66d-da78-441b-91be-faa598d806ba,1,,19.115264900001996,-155.81902189999812,POINT (-155.81902189999812 19.115264900001996),750221,2021-06-30 15:47:52 UTC,2021-06-29 07:30:54 UTC,654.0659202559123,,,4.120999810641924,,,19.115264900001996,N,-155.81902189999812,W,motorola,moto x4,,1080.0,810.0,"Fulcrum Android 2.43.1 (6564), Android 9, motorola, moto x4",72.0,72.0
b03a5f81-3962-44f1-8c25-97f3571a2d70,f18356cf-8478-4019-ae78-18310f24de87,f18356cf-8478-4019-ae78-18310f24de87,1,,19.115888099997488,-155.81838579999746,POINT (-155.81838579999746 19.115888099997488),549679,2021-06-30 15:48:01 UTC,2021-06-29 07:33:57 UTC,658.7161791157815,,,3.621000058075382,,,19.115888099997488,N,-155.81838579999746,W,motorola,moto x4,,1080.0,810.0,"Fulcrum Android 2.43.1 (6564), Android 9, motorola, moto x4",72.0,72.0
d945be27-657a-48a6-b2a8-9568ae21f0d8,0a042b46-d784-48ae-b7dc-1d51d67135da,0a042b46-d784-48ae-b7dc-1d51d67135da,1,,19.11623340000215,-155.818684199998,POINT (-155.818684199998 19.11623340000215),581006,2021-06-30 15:48:10 UTC,2021-06-29 07:36:10 UTC,644.0597962382445,,,12.328,,,19.11623340000215,N,-155.818684199998,W,motorola,moto x4,,810.0,1080.0,"Fulcrum Android 2.43.1 (6564), Android 9, motorola, moto x4",72.0,72.0
ba2d4ec5-bfd2-401b-9de1-92ff2fb70b71,9940127d-c787-44a9-975b-81692a246a30,9940127d-c787-44a9-975b-81692a246a30,1,,19.116261700002173,-155.8187390999989,POINT (-155.8187390999989 19.116261700002173),590365,2021-06-30 15:48:19 UTC,2021-06-29 07:38:12 UTC,656.7947978069994,,,4.236999978801433,,,19.116261700002173,N,-155.8187390999989,W,motorola,moto x4,,1080.0,810.0,"Fulcrum Android 2.43.1 (6564), Android 9, motorola, moto x4",72.0,72.0
37baad15-a94e-496c-a3ad-0806198abda2,302c1069-9c7b-43ee-8efd-4671f347ed5c,302c1069-9c7b-43ee-8efd-4671f347ed5c,1,,19.116786600002275,-155.8192116,POINT (-155.8192116 19.116786600002275),528663,2021-06-30 15:48:27 UTC,2021-06-29 07:40:19 UTC,664.6260281241708,,,9.112000800720649,,,19.116786600002275,N,-155.8192116,W,motorola,moto x4,,810.0,1080.0,"Fulcrum Android 2.43.1 (6564), Android 9, motorola, moto x4",72.0,72.0
413e14f7-6eb5-4430-9561-aceeda1747eb,c25c9a5b-e3c9-4117-96f3-4bdeaa4dbe94,c25c9a5b-e3c9-4117-96f3-4bdeaa4dbe94,1,,19.117711500000002,-155.81974889999853,POINT (-155.81974889999853 19.117711500000002),603989,2021-06-30 15:48:37 UTC,2021-06-29 07:43:19 UTC,653.5701447828258,,,7.14599990068034,,,19.117711500000002,N,-155.81974889999853,W,motorola,moto x4,,810.0,1080.0,"Fulcrum Android 2.43.1 (6564), Android 9, motorola, moto x4",72.0,72.0
ef8681c1-4596-4f87-b0dd-f798049bbba1,03b62ecd-ba9b-4a18-a5e9-108742eb8485,03b62ecd-ba9b-4a18-a5e9-108742eb8485,1,,19.11774,-155.81983030000097,POINT (-155.81983030000097 19.11774),585761,2021-06-30 15:48:45 UTC,2021-06-29 07:46:38 UTC,646.9021872863979,,,4.408999912960223,,,19.11774,N,-155.81983030000097,W,motorola,moto x4,,1080.0,810.0,"Fulcrum Android 2.43.1 (6564), Android 9, motorola, moto x4",72.0,72.0
0dfbeb30-857d-48a3-943e-455f130eae17,c34c2976-271e-4567-a829-6d878fc1fc18,c34c2976-271e-4567-a829-6d878fc1fc18,1,,19.117977900002153,-155.81998129999815,POINT (-155.81998129999815 19.117977900002153),525479,2021-06-30 15:48:56 UTC,2021-06-29 07:49:29 UTC,646.8785381026438,,,4.288,,,19.117977900002153,N,-155.81998129999815,W,motorola,moto x4,,810.0,1080.0,"Fulcrum Android 2.43.1 (6564), Android 9, motorola, moto x4",72.0,72.0
e00d926a-b81e-46f5-bde1-232d56f08b83,519a806d-5df4-49c0-8133-ed1a02c123e8,519a806d-5df4-49c0-8133-ed1a02c123e8,1,,19.119320987654323,-155.8195658,POINT (-155.8195658 19.119320987654323),639347,2021-06-30 15:49:08 UTC,2021-06-29 07:52:08 UTC,676.2976058347867,,,6.0,,,19.119320987654323,N,-155.8195658,W,motorola,moto x4,,1080.0,810.0,"Fulcrum Android 2.43.1 (6564), Android 9, motorola, moto x4",72.0,72.0
35fdb50c-6780-44cf-a6c2-8ac3f3272932,df595242-16fd-4860-9f5b-39ee4326f305,df595242-16fd-4860-9f5b-39ee4326f305,1,,19.1196364,-155.81960420000226,POINT (-155.81960420000226 19.1196364),587115,2021-06-30 15:49:17 UTC,2021-06-29 07:54:46 UTC,667.9681409295353,,,3.892,,,19.1196364,N,-155.81960420000226,W,motorola,moto x4,,810.0,1080.0,"Fulcrum Android 2.43.1 (6564), Android 9, motorola, moto x4",72.0,72.0
de23fb3c-f05b-44f4-98f4-9ac915b72cdd,74fc8765-3e29-4cc6-9076-02e473895720,74fc8765-3e29-4cc6-9076-02e473895720,1,,19.1200864,-155.819526,POINT (-155.819526 19.1200864),598916,2021-06-30 15:49:27 UTC,2021-06-29 07:57:09 UTC,664.63387418468,,,6.752999773601992,,,19.1200864,N,-155.819526,W,motorola,moto x4,,810.0,1080.0,"Fulcrum Android 2.43.1 (6564), Android 9, motorola, moto x4",72.0,72.0
55bbc300-f8c4-432c-afb0-fcd4140645a3,e6784cc3-f9fb-410d-a3b6-93afb30f549e,e6784cc3-f9fb-410d-a3b6-93afb30f549e,1,,19.1207245,-155.81969290000222,POINT (-155.81969290000222 19.1207245),616060,2021-06-30 15:49:36 UTC,2021-06-29 08:00:44 UTC,676.0134529147982,,,4.132,,,19.1207245,N,-155.81969290000222,W,motorola,moto x4,,810.0,1080.0,"Fulcrum Android 2.43.1 (6564), Android 9, motorola, moto x4",72.0,72.0
6231f07c-9725-40c4-9631-130c27ef1719,28303f4a-0b20-4931-9a27-1543a8db05c9,28303f4a-0b20-4931-9a27-1543a8db05c9,1,,19.120449799997953,-155.8201442000021,POINT (-155.8201442000021 19.120449799997953),591859,2021-06-30 15:49:49 UTC,2021-06-29 08:03:22 UTC,660.0626803303154,,,3.9,,,19.120449799997953,N,-155.8201442000021,W,motorola,moto x4,,810.0,1080.0,"Fulcrum Android 2.43.1 (6564), Android 9, motorola, moto x4",72.0,72.0
777acef7-f645-44ca-a2c6-587be0a89727,87029356-b55d-4caf-9555-798969f33f3c,87029356-b55d-4caf-9555-798969f33f3c,1,,19.120196200001818,-155.82094949999998,POINT (-155.82094949999998 19.120196200001818),570882,2021-06-30 15:50:12 UTC,2021-06-29 08:06:07 UTC,658.0100502512563,,,4.955999782714977,,,19.120196200001818,N,-155.82094949999998,W,motorola,moto x4,,1080.0,810.0,"Fulcrum Android 2.43.1 (6564), Android 9, motorola, moto x4",72.0,72.0
0f8e6232-bd4b-45c3-ab61-d9ed36f82866,94b73905-9b57-46a6-8df7-0e75f54f6c88,94b73905-9b57-46a6-8df7-0e75f54f6c88,1,,19.119896199998028,-155.82134870000112,POINT (-155.82134870000112 19.119896199998028),600259,2021-06-30 15:50:35 UTC,2021-06-29 08:08:55 UTC,661.6493639420968,,,3.977,,,19.119896199998028,N,-155.82134870000112,W,motorola,moto x4,,1080.0,810.0,"Fulcrum Android 2.43.1 (6564), Android 9, motorola, moto x4",72.0,72.0
ee638e85-ba81-489b-b2ec-2a17c00ee235,d846820c-64cd-4ce8-bcec-6161821709ff,d846820c-64cd-4ce8-bcec-6161821709ff,1,,19.119225,-155.8221472,POINT (-155.8221472 19.119225),693994,2021-06-30 15:50:45 UTC,2021-06-29 08:12:30 UTC,645.9639230935408,,,3.878,,,19.119225,N,-155.8221472,W,motorola,moto x4,,1080.0,810.0,"Fulcrum Android 2.43.1 (6564), Android 9, motorola, moto x4",72.0,72.0
d843a0c1-975b-4675-9a19-66f11170d945,4bb1ba90-6755-4c3d-be84-81377cd23b18,4bb1ba90-6755-4c3d-be84-81377cd23b18,1,,19.118814199997722,-155.82316230000134,POINT (-155.82316230000134 19.118814199997722),605857,2021-06-30 15:50:55 UTC,2021-06-29 08:15:18 UTC,653.8392582541836,,,9.187000282193585,,,19.118814199997722,N,-155.82316230000134,W,motorola,moto x4,,1080.0,810.0,"Fulcrum Android 2.43.1 (6564), Android 9, motorola, moto x4",72.0,72.0
0b565230-19b6-4534-aceb-11ad15e2e98b,34f226a0-a271-4141-85e8-f9188c3adacc,34f226a0-a271-4141-85e8-f9188c3adacc,1,,19.11882060000209,-155.82304529999814,POINT (-155.82304529999814 19.11882060000209),650111,2021-06-30 15:51:05 UTC,2021-06-29 08:18:30 UTC,643.9458691482561,,,3.5179998798004686,,,19.11882060000209,N,-155.82304529999814,W,motorola,moto x4,,1080.0,810.0,"Fulcrum Android 2.43.1 (6564), Android 9, motorola, moto x4",72.0,72.0
0ad9e252-47c1-4e2a-b30b-bd8e38a2e69e,6fdd3e3b-e6f1-4881-893e-7560a7671fb8,6fdd3e3b-e6f1-4881-893e-7560a7671fb8,1,,19.118284100002356,-155.82389770000236,POINT (-155.82389770000236 19.118284100002356),573322,2021-06-30 15:51:14 UTC,2021-06-29 08:21:39 UTC,659.4720330553217,,,4.288,,,19.118284100002356,N,-155.82389770000236,W,motorola,moto x4,,810.0,1080.0,"Fulcrum Android 2.43.1 (6564), Android 9, motorola, moto x4",72.0,72.0
36429a29-2514-4633-9eec-8fe8a2beaf88,d1cd6113-f44b-41ff-a294-2e06396dc37c,d1cd6113-f44b-41ff-a294-2e06396dc37c,1,,19.117199299997832,-155.82512710000273,POINT (-155.82512710000273 19.117199299997832),606511,2021-06-30 15:51:23 UTC,2021-06-29 08:24:30 UTC,609.4791963707064,,,4.824,,,19.117199299997832,N,-155.82512710000273,W,motorola,moto x4,,1080.0,810.0,"Fulcrum Android 2.43.1 (6564), Android 9, motorola, moto x4",72.0,72.0
5c76b1ac-989c-45ae-b87c-dff8bc9a509a,d5d0c8ee-c0c1-4230-89a4-083a7c094ead,d5d0c8ee-c0c1-4230-89a4-083a7c094ead,1,,19.116589700000937,-155.8257444,POINT (-155.8257444 19.116589700000937),704449,2021-06-30 15:51:34 UTC,2021-06-29 08:27:33 UTC,609.702316360601,,,3.89,,,19.116589700000937,N,-155.8257444,W,motorola,moto x4,,810.0,1080.0,"Fulcrum Android 2.43.1 (6564), Android 9, motorola, moto x4",72.0,72.0
7ca5b4d5-7f65-4760-a77d-baec19d9550b,32d54995-44c7-49bb-a365-1c0eed4d525c,32d54995-44c7-49bb-a365-1c0eed4d525c,1,,19.115980402617726,-155.825957,POINT (-155.825957 19.115980402617726),557105,2021-06-30 15:51:44 UTC,2021-06-29 08:29:50 UTC,616.3862051583634,,,5.948999883027255,,,19.115980402617726,N,-155.825957,W,motorola,moto x4,,810.0,1080.0,"Fulcrum Android 2.43.1 (6564), Android 9, motorola, moto x4",72.0,72.0
6080e07c-2801-4d17-8b8d-52d454b3297f,fa363639-1f35-4502-b731-35485a232263,fa363639-1f35-4502-b731-35485a232263,1,,0.0,0.0,POINT (0.0 0.0),546918,2021-06-30 15:51:54 UTC,2021-06-29 08:33:29 UTC,,,,,,,,,,,motorola,moto x4,,810.0,1080.0,"Fulcrum Android 2.43.1 (6564), Android 9, motorola, moto x4",72.0,72.0
fcb03c36-e707-4cb5-9e57-e78bb1ee9e19,42fe334b-c2e1-40e9-b194-d73c8666fe3b,42fe334b-c2e1-40e9-b194-d73c8666fe3b,1,,0.0,0.0,POINT (0.0 0.0),560989,2021-06-30 15:52:03 UTC,2021-06-29 08:37:09 UTC,,,,,,,,,,,motorola,moto x4,,810.0,1080.0,"Fulcrum Android 2.43.1 (6564), Android 9, motorola, moto x4",72.0,72.0
2ec6d5c2-4b49-4c06-96ae-53e028135549,d7a9b1eb-bf20-415c-8451-70600d5184a0,d7a9b1eb-bf20-415c-8451-70600d5184a0,1,,19.110737800000003,-155.82638490000275,POINT (-155.82638490000275 19.110737800000003),654291,2021-06-30 15:52:13 UTC,2021-06-29 08:44:02 UTC,607.2675617032818,,,9.432999614940316,,,19.110737800000003,N,-155.82638490000275,W,motorola,moto x4,,810.0,1080.0,"Fulcrum Android 2.43.1 (6564), Android 9, motorola, moto x4",72.0,72.0
a9ffa6e8-2acc-4d4e-84f6-8d0fa4f18ee8,29ab0315-a73b-4eb2-8313-39bfe524003e,29ab0315-a73b-4eb2-8313-39bfe524003e,1,,19.110586382522452,-155.82638369999734,POINT (-155.82638369999734 19.110586382522452),583019,2021-06-30 15:52:22 UTC,2021-06-29 08:45:47 UTC,628.5251533154466,,,6.432,,,19.110586382522452,N,-155.82638369999734,W,motorola,moto x4,,1080.0,810.0,"Fulcrum Android 2.43.1 (6564), Android 9, motorola, moto x4",72.0,72.0
4245d962-8bd5-43f2-969d-4e6b8c0fadf6,9f6d4712-44cc-485d-9245-08ee4bdb754b,9f6d4712-44cc-485d-9245-08ee4bdb754b,1,,19.688710099997913,-155.9740568,POINT (-155.9740568 19.688710099997913),745364,2021-06-30 15:52:34 UTC,2021-06-29 10:56:11 UTC,1013.6075059016235,,,2800.0,,,19.688710099997913,N,-155.9740568,W,motorola,moto x4,,810.0,1080.0,"Fulcrum Android 2.43.1 (6564), Android 9, motorola, moto x4",72.0,72.0
8f28bbdb-2d70-4b1a-b23c-da9643834bef,8bb61312-3b26-42d8-8de2-031559278d02,8bb61312-3b26-42d8-8de2-031559278d02,1,,19.718679199999997,-155.94796909999764,POINT (-155.94796909999764 19.718679199999997),675563,2021-06-30 15:52:44 UTC,2021-06-29 10:59:14 UTC,1025.0691470934664,,,4.158999911024113,,,19.718679199999997,N,-155.94796909999764,W,motorola,moto x4,,810.0,1080.0,"Fulcrum Android 2.43.1 (6564), Android 9, motorola, moto x4",72.0,72.0
ca8f0507-17f8-41b6-a3b0-c7eccf09f8a8,d0a21775-2ad0-46df-a217-6dad6f53fe9a,d0a21775-2ad0-46df-a217-6dad6f53fe9a,1,,19.71963169999754,-155.9463972,POINT (-155.9463972 19.71963169999754),738109,2021-06-30 15:52:55 UTC,2021-06-29 11:02:42 UTC,1055.1213693531104,,,6.165,,,19.71963169999754,N,-155.9463972,W,motorola,moto x4,,810.0,1080.0,"Fulcrum Android 2.43.1 (6564), Android 9, motorola, moto x4",72.0,72.0
fd055646-519c-486c-8da8-d2107b0bf943,bb7376c7-9ff6-4053-98ed-1d150dbdc6c5,bb7376c7-9ff6-4053-98ed-1d150dbdc6c5,1,,19.7196362,-155.94635139999775,POINT (-155.94635139999775 19.7196362),688470,2021-06-30 15:53:08 UTC,2021-06-29 11:05:16 UTC,1082.8487448140074,,,4.390999787730843,,,19.7196362,N,-155.94635139999775,W,motorola,moto x4,,1080.0,810.0,"Fulcrum Android 2.43.1 (6564), Android 9, motorola, moto x4",72.0,72.0
d8b9740a-ab98-448f-8765-7becabe5223e,3bf181fd-67be-4eff-9216-7ec06025e963,3bf181fd-67be-4eff-9216-7ec06025e963,1,,19.71975739999793,-155.94597139978617,POINT (-155.94597139978617 19.71975739999793),607626,2021-06-30 15:53:17 UTC,2021-06-29 11:08:40 UTC,1077.4062606328682,,,5.295,,,19.71975739999793,N,-155.94597139978617,W,motorola,moto x4,,810.0,1080.0,"Fulcrum Android 2.43.1 (6564), Android 9, motorola, moto x4",72.0,72.0
e85a1457-6d5f-4d16-b08a-2105004bf3eb,aa8c0608-7037-45ef-9dcb-f93e1da6ade9,aa8c0608-7037-45ef-9dcb-f93e1da6ade9,1,,19.7192345,-155.94471859999803,POINT (-155.94471859999803 19.7192345),669503,2021-06-30 15:53:28 UTC,2021-06-29 11:10:29 UTC,1121.5578847070033,,,6.3720002248075085,,,19.7192345,N,-155.94471859999803,W,motorola,moto x4,,810.0,1080.0,"Fulcrum Android 2.43.1 (6564), Android 9, motorola, moto x4",72.0,72.0
45d7d6c2-08d8-4a32-afaf-328af3d2546b,491c2ecc-5ee7-46fb-bfc1-39a8d40add11,491c2ecc-5ee7-46fb-bfc1-39a8d40add11,1,,19.719158900001194,-155.94452910000112,POINT (-155.94452910000112 19.719158900001194),612100,2021-06-30 15:53:37 UTC,2021-06-29 11:13:09 UTC,1114.4297328926027,,,4.26,,,19.719158900001194,N,-155.94452910000112,W,motorola,moto x4,,1080.0,810.0,"Fulcrum Android 2.43.1 (6564), Android 9, motorola, moto x4",72.0,72.0
e64f0d45-adb0-4cb0-93ec-cf1ff599272e,6798b306-f61c-472a-933d-efbaf486cbcc,6798b306-f61c-472a-933d-efbaf486cbcc,1,,19.718997900002357,-155.9440842999977,POINT (-155.9440842999977 19.718997900002357),747227,2021-06-30 15:53:48 UTC,2021-06-29 11:17:03 UTC,1101.0735512332064,,,13.359000201572263,,,19.718997900002357,N,-155.9440842999977,W,motorola,moto x4,,1080.0,810.0,"Fulcrum Android 2.43.1 (6564), Android 9, motorola, moto x4",72.0,72.0
54ce7ff2-21f7-4fd8-afcd-a773703e2a19,a245804c-0aa9-40f3-8644-423253c4abf0,a245804c-0aa9-40f3-8644-423253c4abf0,1,,19.7186056,-155.9446916,POINT (-155.9446916 19.7186056),725356,2021-06-30 15:53:59 UTC,2021-06-29 11:22:11 UTC,1094.9372282094914,,,5.496,,,19.7186056,N,-155.9446916,W,motorola,moto x4,,1080.0,810.0,"Fulcrum Android 2.43.1 (6564), Android 9, motorola, moto x4",72.0,72.0
eb96ffd9-b7ef-4c4b-8fbe-5ce5c9629461,dff8b601-c1d4-429d-8347-fcae54b7d3ad,dff8b601-c1d4-429d-8347-fcae54b7d3ad,1,,19.7171529562982,-155.945005,POINT (-155.945005 19.7171529562982),723136,2021-06-30 15:54:10 UTC,2021-06-29 11:29:13 UTC,1073.7493150684932,,,13.248999599839935,,,19.7171529562982,N,-155.945005,W,motorola,moto x4,,1080.0,810.0,"Fulcrum Android 2.43.1 (6564), Android 9, motorola, moto x4",72.0,72.0
5229f1b9-cdf1-46ba-9a82-cf8477cd716b,690db2d4-53c2-48d9-b66f-91221a5d8589,690db2d4-53c2-48d9-b66f-91221a5d8589,1,,0.0,0.0,POINT (0.0 0.0),465193,2021-06-30 15:54:19 UTC,2021-06-29 11:31:25 UTC,,,,,,,,,,,motorola,moto x4,,810.0,1080.0,"Fulcrum Android 2.43.1 (6564), Android 9, motorola, moto x4",72.0,72.0
92c85a50-aa16-4dc7-af23-7be1bf7efb72,17bf8519-2cd6-4152-8342-c05a2f45e023,17bf8519-2cd6-4152-8342-c05a2f45e023,1,,19.719927800002402,-155.94637069999763,POINT (-155.94637069999763 19.719927800002402),763448,2021-06-30 15:54:30 UTC,2021-06-29 11:43:02 UTC,1068.8227328058429,,,9.218999864480281,,,19.719927800002402,N,-155.94637069999763,W,motorola,moto x4,,810.0,1080.0,"Fulcrum Android 2.43.1 (6564), Android 9, motorola, moto x4",72.0,72.0
ed43fe1a-843b-4974-a18a-f03d4c739734,7746e12e-f92d-4d49-bbea-f3683ee7f842,7746e12e-f92d-4d49-bbea-f3683ee7f842,1,,19.72069830000142,-155.94650130000232,POINT (-155.94650130000232 19.72069830000142),598618,2021-06-30 15:54:39 UTC,2021-06-29 11:46:13 UTC,1066.8937942523949,,,8.576,,,19.72069830000142,N,-155.94650130000232,W,motorola,moto x4,,810.0,1080.0,"Fulcrum Android 2.43.1 (6564), Android 9, motorola, moto x4",72.0,72.0
bc26ae18-08fe-4225-9966-9c60c42eded2,7147ecf3-a43a-4ddd-af9d-1e1570a1e598,7147ecf3-a43a-4ddd-af9d-1e1570a1e598,1,,0.0,0.0,POINT (0.0 0.0),580800,2021-06-30 15:54:48 UTC,2021-06-29 11:49:25 UTC,,,,,,,,,,,motorola,moto x4,,810.0,1080.0,"Fulcrum Android 2.43.1 (6564), Android 9, motorola, moto x4",72.0,72.0
36c0258a-bad7-4aef-9133-e821a8194ac6,ae61936d-df05-4472-b5df-6a0bc61e0d27,ae61936d-df05-4472-b5df-6a0bc61e0d27,1,,0.0,0.0,POINT (0.0 0.0),761318,2021-06-30 15:55:01 UTC,2021-06-29 11:53:39 UTC,,,,,,,,,,,motorola,moto x4,,1080.0,810.0,"Fulcrum Android 2.43.1 (6564), Android 9, motorola, moto x4",72.0,72.0
63831fb4-97d0-458a-916e-ac8f8590705e,c56aae02-16fe-4c42-813e-fada09b8527f,c56aae02-16fe-4c42-813e-fada09b8527f,1,,0.0,0.0,POINT (0.0 0.0),623430,2021-06-30 15:55:11 UTC,2021-06-29 11:58:50 UTC,,,,,,,,,,,motorola,moto x4,,810.0,1080.0,"Fulcrum Android 2.43.1 (6564), Android 9, motorola, moto x4",72.0,72.0
7559bd6a-0231-451b-bc11-ac69e362fbe5,fa5760e6-ec60-41d1-903d-1689f5d2789b,fa5760e6-ec60-41d1-903d-1689f5d2789b,1,,0.0,0.0,POINT (0.0 0.0),737541,2021-06-30 15:55:22 UTC,2021-06-29 12:02:16 UTC,,,,,,,,,,,motorola,moto x4,,1080.0,810.0,"Fulcrum Android 2.43.1 (6564), Android 9, motorola, moto x4",72.0,72.0
38778c11-77a0-4f36-96a7-d497de3730af,22db4b89-07e1-4934-a4e1-0e93b752cc8f,22db4b89-07e1-4934-a4e1-0e93b752cc8f,1,,0.0,0.0,POINT (0.0 0.0),559600,2021-06-30 15:55:31 UTC,2021-06-29 12:05:17 UTC,,,,,,,,,,,motorola,moto x4,,810.0,1080.0,"Fulcrum Android 2.43.1 (6564), Android 9, motorola, moto x4",72.0,72.0
d0266209-239d-4c84-a46a-cdc06aa469fb,e8a45960-8f60-4984-90ef-76ff54901951,e8a45960-8f60-4984-90ef-76ff54901951,1,,19.7265335,-155.9483665999982,POINT (-155.9483665999982 19.7265335),736161,2021-06-30 15:55:42 UTC,2021-06-29 12:10:52 UTC,1025.0452174877942,,,5.0,,,19.7265335,N,-155.9483665999982,W,motorola,moto x4,,810.0,1080.0,"Fulcrum Android 2.43.1 (6564), Android 9, motorola, moto x4",72.0,72.0
dfca5983-301b-4003-96d1-65fb56978414,ba5013d7-e034-4d04-8249-28395253071b,ba5013d7-e034-4d04-8249-28395253071b,1,,19.727370399999998,-155.9485866013072,POINT (-155.9485866013072 19.727370399999998),655095,2021-06-30 15:55:52 UTC,2021-06-29 12:14:15 UTC,1012.8189752541329,,,6.432,,,19.727370399999998,N,-155.9485866013072,W,motorola,moto x4,,810.0,1080.0,"Fulcrum Android 2.43.1 (6564), Android 9, motorola, moto x4",72.0,72.0
b22c0343-429f-4663-957c-f068b44a0076,fd4f03dc-350e-45af-99e1-e8f48327bc32,fd4f03dc-350e-45af-99e1-e8f48327bc32,1,,19.727939999999997,-155.94877190000227,POINT (-155.94877190000227 19.727939999999997),624498,2021-06-30 15:56:02 UTC,2021-06-29 12:16:57 UTC,977.182709200185,,,7.504,,,19.727939999999997,N,-155.94877190000227,W,motorola,moto x4,,1080.0,810.0,"Fulcrum Android 2.43.1 (6564), Android 9, motorola, moto x4",72.0,72.0
2a74faed-238b-4db0-b932-167bb762e181,8f907c10-8c53-4729-a11c-033c046a63f4,8f907c10-8c53-4729-a11c-033c046a63f4,1,,0.0,0.0,POINT (0.0 0.0),626879,2021-06-30 15:56:12 UTC,2021-06-29 12:20:04 UTC,,,,,,,,,,,motorola,moto x4,,810.0,1080.0,"Fulcrum Android 2.43.1 (6564), Android 9, motorola, moto x4",72.0,72.0
7dc8fbe2-747f-476d-bd00-f0c8b53f9ca4,ad9ee75e-3021-4874-9f44-e6edb6458714,ad9ee75e-3021-4874-9f44-e6edb6458714,1,,19.72900729999857,-155.94925989997128,POINT (-155.94925989997128 19.72900729999857),621261,2021-06-30 15:56:22 UTC,2021-06-29 12:22:52 UTC,993.1847812916516,,,13.078000078000079,,,19.72900729999857,N,-155.94925989997128,W,motorola,moto x4,,810.0,1080.0,"Fulcrum Android 2.43.1 (6564), Android 9, motorola, moto x4",72.0,72.0
e5ca9832-5808-4e7a-a23b-38ec8db33a21,7357eb98-55e0-4373-9f0c-2f305c0e595d,7357eb98-55e0-4373-9f0c-2f305c0e595d,1,,19.729903400001984,-155.94968780000264,POINT (-155.94968780000264 19.729903400001984),563563,2021-06-30 15:56:32 UTC,2021-06-29 12:26:12 UTC,973.4179129005752,,,12.864,,,19.729903400001984,N,-155.94968780000264,W,motorola,moto x4,,1080.0,810.0,"Fulcrum Android 2.43.1 (6564), Android 9, motorola, moto x4",72.0,72.0
90483cd7-98d4-4379-a8a4-0494788c4256,acd9bb4e-b725-4e42-aed7-8495159a05bf,acd9bb4e-b725-4e42-aed7-8495159a05bf,1,,19.725623499999998,-155.94885490000152,POINT (-155.94885490000152 19.725623499999998),580093,2021-06-30 15:56:42 UTC,2021-06-29 12:41:19 UTC,999.9399469143995,,,8.098999967636493,,,19.725623499999998,N,-155.94885490000152,W,motorola,moto x4,,810.0,1080.0,"Fulcrum Android 2.43.1 (6564), Android 9, motorola, moto x4",72.0,72.0
8ffb7007-39fa-438a-928f-a4e347558788,088b6c1f-e7eb-4c4e-b7e4-402e0e7f7cf2,088b6c1f-e7eb-4c4e-b7e4-402e0e7f7cf2,1,,19.725715700002453,-155.94912680000002,POINT (-155.94912680000002 19.725715700002453),708975,2021-06-30 15:56:53 UTC,2021-06-29 12:43:23 UTC,1007.6296469853171,,,8.04,,,19.725715700002453,N,-155.94912680000002,W,motorola,moto x4,,810.0,1080.0,"Fulcrum Android 2.43.1 (6564), Android 9, motorola, moto x4",72.0,72.0
2d1e27c2-3826-4503-9760-7d16f0e0f7ab,41d1ff40-c6bb-4aaa-ab95-18b02ca69357,41d1ff40-c6bb-4aaa-ab95-18b02ca69357,1,,19.725664499999997,-155.9490608999986,POINT (-155.9490608999986 19.725664499999997),793709,2021-06-30 15:57:05 UTC,2021-06-29 12:44:43 UTC,1013.69003257329,,,5.896,,,19.725664499999997,N,-155.9490608999986,W,motorola,moto x4,,810.0,1080.0,"Fulcrum Android 2.43.1 (6564), Android 9, motorola, moto x4",72.0,72.0
86cd7b6a-bbfe-4468-bd9f-4ad8e57c4a58,72af16ef-661f-4fbb-a06c-45b1a2a0b24b,72af16ef-661f-4fbb-a06c-45b1a2a0b24b,1,,19.7240698,-155.951233,POINT (-155.951233 19.7240698),765388,2021-06-30 15:57:18 UTC,2021-06-29 12:50:52 UTC,991.153015979252,,,10.07600022320183,,,19.7240698,N,-155.951233,W,motorola,moto x4,,810.0,1080.0,"Fulcrum Android 2.43.1 (6564), Android 9, motorola, moto x4",72.0,72.0
1220d5af-335a-42d4-b060-24b0dad8337e,151ae80e-f551-4b37-b564-002ba5e51ac0,151ae80e-f551-4b37-b564-002ba5e51ac0,1,,0.0,0.0,POINT (0.0 0.0),585871,2021-06-30 15:57:28 UTC,2021-06-29 13:08:22 UTC,,,,,,,,,,,motorola,moto x4,,810.0,1080.0,"Fulcrum Android 2.43.1 (6564), Android 9, motorola, moto x4",72.0,72.0
8036a3d6-b52f-4b5d-bdf9-c27cb0f9eef6,29742c3f-bfad-47df-8fea-04d266b9a824,29742c3f-bfad-47df-8fea-04d266b9a824,1,,0.0,0.0,POINT (0.0 0.0),723455,2021-06-30 15:57:38 UTC,2021-06-29 13:11:49 UTC,,,,,,,,,,,motorola,moto x4,,810.0,1080.0,"Fulcrum Android 2.43.1 (6564), Android 9, motorola, moto x4",72.0,72.0
ed83afdb-b8a3-42a0-803e-6d8d641ff24c,c364ff85-3098-4273-8a27-5adb5425c9ea,c364ff85-3098-4273-8a27-5adb5425c9ea,1,,19.72045789999787,-155.947230700001,POINT (-155.947230700001 19.72045789999787),762171,2021-06-30 15:57:51 UTC,2021-06-29 13:15:43 UTC,1090.5599782743639,,,10.72,,,19.72045789999787,N,-155.947230700001,W,motorola,moto x4,,1080.0,810.0,"Fulcrum Android 2.43.1 (6564), Android 9, motorola, moto x4",72.0,72.0
7d3e4a62-cd66-4ea9-9579-16a23470e4b8,ceccf65b-1bb0-4152-810d-48c933c5e196,ceccf65b-1bb0-4152-810d-48c933c5e196,1,,19.7196628,-155.9473932,POINT (-155.9473932 19.7196628),567401,2021-06-30 15:58:00 UTC,2021-06-29 13:19:15 UTC,1055.4113823994378,,,4.288,,,19.7196628,N,-155.9473932,W,motorola,moto x4,,810.0,1080.0,"Fulcrum Android 2.43.1 (6564), Android 9, motorola, moto x4",72.0,72.0
0a9e0c99-e63c-4c58-a162-30a1190c7c76,c4043455-3aaa-4434-b455-364c1eed211e,c4043455-3aaa-4434-b455-364c1eed211e,1,,0.0,0.0,POINT (0.0 0.0),601176,2021-06-30 15:58:09 UTC,2021-06-29 13:22:57 UTC,,,,,,,,,,,motorola,moto x4,,810.0,1080.0,"Fulcrum Android 2.43.1 (6564), Android 9, motorola, moto x4",72.0,72.0
8d538b1b-eddf-4ab0-8221-cc6fe50bc569,6faa8ed9-ec56-45d6-953d-24f857f910a5,6faa8ed9-ec56-45d6-953d-24f857f910a5,1,,19.71999090000221,-155.9486235,POINT (-155.9486235 19.71999090000221),548743,2021-06-30 15:58:17 UTC,2021-06-29 13:26:31 UTC,1024.0673039406945,,,13.57800007724692,,,19.71999090000221,N,-155.9486235,W,motorola,moto x4,,810.0,1080.0,"Fulcrum Android 2.43.1 (6564), Android 9, motorola, moto x4",72.0,72.0
3cada2a8-f389-4423-8bbe-e487462aa70b,65dfe201-40cd-460d-89bf-953e6ec67c44,65dfe201-40cd-460d-89bf-953e6ec67c44,1,,0.0,0.0,POINT (0.0 0.0),572594,2021-06-30 15:58:27 UTC,2021-06-29 13:30:31 UTC,,,,,,,,,,,motorola,moto x4,,1080.0,810.0,"Fulcrum Android 2.43.1 (6564), Android 9, motorola, moto x4",72.0,72.0
8269d907-57b5-430a-9ba2-bb11626d0277,7b1d9a73-0841-4965-b651-fc250114a4eb,7b1d9a73-0841-4965-b651-fc250114a4eb,1,,20.0394,-155.44046139999747,POINT (-155.44046139999747 20.0394),752987,2021-07-01 04:40:03 UTC,2021-06-30 07:42:23 UTC,656.9485515488058,,,14.496,,,20.0394,N,-155.44046139999747,W,motorola,moto x4,,810.0,1080.0,"Fulcrum Android 2.43.1 (6564), Android 9, motorola, moto x4",72.0,72.0
f9185d91-666b-4b06-a0b0-9b017af36f45,66f72a72-483f-4cbc-a9e5-ab5ede83d3fd,66f72a72-483f-4cbc-a9e5-ab5ede83d3fd,1,,20.03953734984985,-155.4405349000019,POINT (-155.4405349000019 20.03953734984985),740759,2021-07-01 04:40:14 UTC,2021-06-30 07:45:24 UTC,697.4442794840865,,,6.432,,,20.03953734984985,N,-155.4405349000019,W,motorola,moto x4,,810.0,1080.0,"Fulcrum Android 2.43.1 (6564), Android 9, motorola, moto x4",72.0,72.0
cc714857-5bce-467e-a523-a04774ebcb9e,4ae18026-d5ff-4436-9303-047ea531b264,4ae18026-d5ff-4436-9303-047ea531b264,1,,20.0398812,-155.44159169999773,POINT (-155.44159169999773 20.0398812),635916,2021-07-01 04:40:24 UTC,2021-06-30 07:49:16 UTC,703.311838824877,,,7.390999787730843,,,20.0398812,N,-155.44159169999773,W,motorola,moto x4,,810.0,1080.0,"Fulcrum Android 2.43.1 (6564), Android 9, motorola, moto x4",72.0,72.0
0f98a623-ed66-4f89-b5e8-5ff2ef43cab4,93813aa8-8a44-4feb-a327-c93f7c6304a0,93813aa8-8a44-4feb-a327-c93f7c6304a0,1,,20.03988459999765,-155.44157407407408,POINT (-155.44157407407408 20.03988459999765),561418,2021-07-01 04:40:33 UTC,2021-06-30 07:50:18 UTC,700.635978112175,,,4.835,,,20.03988459999765,N,-155.44157407407408,W,motorola,moto x4,,810.0,1080.0,"Fulcrum Android 2.43.1 (6564), Android 9, motorola, moto x4",72.0,72.0
e510e283-ba8c-44eb-baef-4bf7a389436c,f1faca8f-dc0b-482e-a3fe-73223e45dcee,f1faca8f-dc0b-482e-a3fe-73223e45dcee,1,,20.039878400000003,-155.44156329999817,POINT (-155.44156329999817 20.039878400000003),652621,2021-07-01 04:40:43 UTC,2021-06-30 07:51:46 UTC,695.3797043010753,,,8.65100003210376,,,20.039878400000003,N,-155.44156329999817,W,motorola,moto x4,,810.0,1080.0,"Fulcrum Android 2.43.1 (6564), Android 9, motorola, moto x4",72.0,72.0
feeb2b2c-d9c4-46f5-a7f7-f4870a3959fd,e44f0d7b-1a09-401b-816a-6898d83f447f,e44f0d7b-1a09-401b-816a-6898d83f447f,1,,20.03988469999775,-155.44156739999784,POINT (-155.44156739999784 20.03988469999775),598803,2021-07-01 04:40:53 UTC,2021-06-30 07:53:29 UTC,691.7159004318008,,,6.466000088483829,,,20.03988469999775,N,-155.44156739999784,W,motorola,moto x4,,810.0,1080.0,"Fulcrum Android 2.43.1 (6564), Android 9, motorola, moto x4",72.0,72.0
832e6149-7e20-4c30-990d-427a2ab6bb96,017fc177-22ef-42f8-b4cd-2f7291a3d44b,017fc177-22ef-42f8-b4cd-2f7291a3d44b,1,,20.039879600000003,-155.4415474,POINT (-155.4415474 20.039879600000003),557983,2021-07-01 04:41:03 UTC,2021-06-30 07:54:53 UTC,686.1458538645643,,,10.586000435445243,,,20.039879600000003,N,-155.4415474,W,motorola,moto x4,,810.0,1080.0,"Fulcrum Android 2.43.1 (6564), Android 9, motorola, moto x4",72.0,72.0
c586bc1f-d95a-423e-9c7b-42b19bd7ef3c,2ac730c4-0840-4b1f-8f85-7773d0be16f0,2ac730c4-0840-4b1f-8f85-7773d0be16f0,1,,20.039841000000003,-155.4415075,POINT (-155.4415075 20.039841000000003),646769,2021-07-01 04:41:14 UTC,2021-06-30 07:56:17 UTC,694.8868095171838,,,6.432,,,20.039841000000003,N,-155.4415075,W,motorola,moto x4,,810.0,1080.0,"Fulcrum Android 2.43.1 (6564), Android 9, motorola, moto x4",72.0,72.0
1e55d7f6-cd14-4d71-b081-2b9a3c764ffc,77ecb6d3-18f7-4517-9009-9091e6806456,77ecb6d3-18f7-4517-9009-9091e6806456,1,,20.039828199998123,-155.441409,POINT (-155.441409 20.039828199998123),671981,2021-07-01 04:41:26 UTC,2021-06-30 07:57:37 UTC,649.5760152724748,,,13.132,,,20.039828199998123,N,-155.441409,W,motorola,moto x4,,810.0,1080.0,"Fulcrum Android 2.43.1 (6564), Android 9, motorola, moto x4",72.0,72.0
bc27a5d3-0a7b-45d5-85a7-7a82c7d2c38d,62d8c12b-4580-4ce3-8852-9de1fd84b374,62d8c12b-4580-4ce3-8852-9de1fd84b374,1,,20.0398058,-155.44142339999746,POINT (-155.44142339999746 20.0398058),648624,2021-07-01 04:41:37 UTC,2021-06-30 08:00:51 UTC,675.186453723302,,,10.869000440334654,,,20.0398058,N,-155.44142339999746,W,motorola,moto x4,,810.0,1080.0,"Fulcrum Android 2.43.1 (6564), Android 9, motorola, moto x4",72.0,72.0
3c72b175-e369-448c-bfb1-2572bf0e6f0e,d7ce90ac-cc51-4b20-afb0-8fb720b6bf94,d7ce90ac-cc51-4b20-afb0-8fb720b6bf94,1,,20.039846800000003,-155.4414854,POINT (-155.4414854 20.039846800000003),699906,2021-07-01 04:41:48 UTC,2021-06-30 08:02:17 UTC,682.6752706799481,,,15.544,,,20.039846800000003,N,-155.4414854,W,motorola,moto x4,,1080.0,810.0,"Fulcrum Android 2.43.1 (6564), Android 9, motorola, moto x4",72.0,72.0
05280e2a-e010-4a46-bd55-37e398184d95,75509a5f-d075-4b69-bae7-e19f79486209,75509a5f-d075-4b69-bae7-e19f79486209,1,,20.0398375,-155.4414636,POINT (-155.4414636 20.0398375),591885,2021-07-01 04:41:59 UTC,2021-06-30 08:03:55 UTC,687.0853402140673,,,11.97,,,20.0398375,N,-155.4414636,W,motorola,moto x4,,810.0,1080.0,"Fulcrum Android 2.43.1 (6564), Android 9, motorola, moto x4",72.0,72.0
5f5a3e8f-0cfc-4211-b999-3886d92d5898,53b30ad7-ec7e-40d2-a649-b42d8b636547,53b30ad7-ec7e-40d2-a649-b42d8b636547,1,,20.039837400164437,-155.4414532,POINT (-155.4414532 20.039837400164437),696695,2021-07-01 04:42:11 UTC,2021-06-30 08:05:02 UTC,684.7416288158868,,,4.288,,,20.039837400164437,N,-155.4414532,W,motorola,moto x4,,810.0,1080.0,"Fulcrum Android 2.43.1 (6564), Android 9, motorola, moto x4",72.0,72.0
f0cd047b-e15a-489b-9035-491ee925b2b3,92be86ec-c91f-41d2-8a6b-4ae7515bce94,92be86ec-c91f-41d2-8a6b-4ae7515bce94,1,,20.039778899997735,-155.441461,POINT (-155.441461 20.039778899997735),636177,2021-07-01 04:42:22 UTC,2021-06-30 08:06:10 UTC,686.2946883736228,,,4.208,,,20.039778899997735,N,-155.441461,W,motorola,moto x4,,810.0,1080.0,"Fulcrum Android 2.43.1 (6564), Android 9, motorola, moto x4",72.0,72.0
c8174dd6-dd58-417d-9133-90911974fa1b,20540e63-4632-4525-a7e6-2bf3f7c20502,20540e63-4632-4525-a7e6-2bf3f7c20502,1,,20.039776800000002,-155.44146889999857,POINT (-155.44146889999857 20.039776800000002),584795,2021-07-01 04:42:32 UTC,2021-06-30 08:08:02 UTC,690.2506393861893,,,12.14900017695983,,,20.039776800000002,N,-155.44146889999857,W,motorola,moto x4,,810.0,1080.0,"Fulcrum Android 2.43.1 (6564), Android 9, motorola, moto x4",72.0,72.0
cde3c404-e16a-4cae-afec-9068d2db9c1d,25f50028-e921-431f-b319-7e9fd1015e96,25f50028-e921-431f-b319-7e9fd1015e96,1,,20.03979010000264,-155.4414566999978,POINT (-155.4414566999978 20.03979010000264),689059,2021-07-01 04:42:44 UTC,2021-06-30 08:09:26 UTC,688.2663395280852,,,10.347000120235663,,,20.03979010000264,N,-155.4414566999978,W,motorola,moto x4,,810.0,1080.0,"Fulcrum Android 2.43.1 (6564), Android 9, motorola, moto x4",72.0,72.0
0c7fb437-5dc2-4aec-844b-a2c6fa23ca68,6bef8c1e-6bf9-4f2f-92f8-b31ecc942789,6bef8c1e-6bf9-4f2f-92f8-b31ecc942789,1,,20.0398025,-155.4414218,POINT (-155.4414218 20.0398025),650348,2021-07-01 04:42:55 UTC,2021-06-30 08:11:14 UTC,682.9518880719537,,,4.163000113986094,,,20.0398025,N,-155.4414218,W,motorola,moto x4,,810.0,1080.0,"Fulcrum Android 2.43.1 (6564), Android 9, motorola, moto x4",72.0,72.0
85c42277-1c75-423f-9414-f06872f01de0,a9800af7-5437-4d64-a125-fbff1c8c6eda,a9800af7-5437-4d64-a125-fbff1c8c6eda,1,,20.039963100001003,-155.4412514000023,POINT (-155.4412514000023 20.039963100001003),667289,2021-07-01 04:43:10 UTC,2021-06-30 08:12:30 UTC,700.725068673116,,,10.737999907957107,,,20.039963100001003,N,-155.4412514000023,W,motorola,moto x4,,810.0,1080.0,"Fulcrum Android 2.43.1 (6564), Android 9, motorola, moto x4",72.0,72.0
35cbdc85-2624-4b8b-990b-1353081b5f5b,b2367568-11b0-461a-8d49-2b2ad433611b,b2367568-11b0-461a-8d49-2b2ad433611b,1,,20.039939,-155.44123779999762,POINT (-155.44123779999762 20.039939),684432,2021-07-01 04:43:22 UTC,2021-06-30 08:13:32 UTC,689.7799678197908,,,5.511000156030582,,,20.039939,N,-155.44123779999762,W,motorola,moto x4,,810.0,1080.0,"Fulcrum Android 2.43.1 (6564), Android 9, motorola, moto x4",72.0,72.0
e705be76-5c71-426d-a803-d4d0df0c559a,ad1d6ed0-da0c-4ab3-b86a-784542ded6a1,ad1d6ed0-da0c-4ab3-b86a-784542ded6a1,1,,20.039922800000003,-155.4411825,POINT (-155.4411825 20.039922800000003),649840,2021-07-01 04:43:36 UTC,2021-06-30 08:14:43 UTC,683.16893129771,,,4.663000107839966,,,20.039922800000003,N,-155.4411825,W,motorola,moto x4,,810.0,1080.0,"Fulcrum Android 2.43.1 (6564), Android 9, motorola, moto x4",72.0,72.0
3a2fe378-2df1-43c7-ab0d-4d2e4efb9175,04c7c6f7-8ec1-45bf-9d89-6cd8b2c86702,04c7c6f7-8ec1-45bf-9d89-6cd8b2c86702,1,,20.0399160999978,-155.44124390000118,POINT (-155.44124390000118 20.0399160999978),687456,2021-07-01 04:43:48 UTC,2021-06-30 08:15:59 UTC,682.6823775436338,,,4.935,,,20.0399160999978,N,-155.44124390000118,W,motorola,moto x4,,1080.0,810.0,"Fulcrum Android 2.43.1 (6564), Android 9, motorola, moto x4",72.0,72.0
1cfa1428-3c2a-4bcb-9820-1c18f5fe28ed,f7952f7d-9141-4e2b-b4fa-b953e0efc9f0,f7952f7d-9141-4e2b-b4fa-b953e0efc9f0,1,,20.03993510000193,-155.441194,POINT (-155.441194 20.03993510000193),768562,2021-07-01 04:44:02 UTC,2021-06-30 08:17:07 UTC,687.091956498331,,,12.621999743293545,,,20.03993510000193,N,-155.441194,W,motorola,moto x4,,1080.0,810.0,"Fulcrum Android 2.43.1 (6564), Android 9, motorola, moto x4",72.0,72.0
39d96487-ef74-4479-b385-73e5933744ac,df054f75-dc95-409c-9cd5-42401b33cad7,df054f75-dc95-409c-9cd5-42401b33cad7,1,,20.039940899998964,-155.44116655116656,POINT (-155.44116655116656 20.039940899998964),615345,2021-07-01 04:44:13 UTC,2021-06-30 08:18:01 UTC,689.1220719234576,,,7.102000233945491,,,20.039940899998964,N,-155.44116655116656,W,motorola,moto x4,,810.0,1080.0,"Fulcrum Android 2.43.1 (6564), Android 9, motorola, moto x4",72.0,72.0
0d9af5ea-eb9f-45d4-ace1-befaccf4af01,de1faf30-5247-4f74-bc50-3245cc2f2248,de1faf30-5247-4f74-bc50-3245cc2f2248,1,,20.039703299997605,-155.4416948,POINT (-155.4416948 20.039703299997605),607465,2021-07-01 04:44:23 UTC,2021-06-30 08:20:58 UTC,682.346185112066,,,4.22300005645571,,,20.039703299997605,N,-155.4416948,W,motorola,moto x4,,1080.0,810.0,"Fulcrum Android 2.43.1 (6564), Android 9, motorola, moto x4",72.0,72.0
ec04c8a4-3da7-41f6-868a-aeec9d2b3add,a4dfa56b-24d2-4751-9bef-8ffe104bcad2,a4dfa56b-24d2-4751-9bef-8ffe104bcad2,1,,20.040038299998738,-155.4422846,POINT (-155.4422846 20.040038299998738),765711,2021-07-01 04:44:36 UTC,2021-06-30 08:24:35 UTC,688.6873197588045,,,7.026999941048164,,,20.040038299998738,N,-155.4422846,W,motorola,moto x4,,1080.0,810.0,"Fulcrum Android 2.43.1 (6564), Android 9, motorola, moto x4",72.0,72.0
64d516e8-f691-4d71-bd2b-37121ee7a3f4,19af285c-55c7-49cc-9d6a-6b6464294e7c,19af285c-55c7-49cc-9d6a-6b6464294e7c,1,,20.040209200000003,-155.4423212,POINT (-155.4423212 20.040209200000003),548623,2021-07-01 04:44:47 UTC,2021-06-30 08:26:43 UTC,655.8557031064738,,,6.968,,,20.040209200000003,N,-155.4423212,W,motorola,moto x4,,810.0,1080.0,"Fulcrum Android 2.43.1 (6564), Android 9, motorola, moto x4",72.0,72.0
1b4a181e-26dd-417a-b1f9-0b7a42cdf0ad,ffaa3a3e-ac60-43e0-9870-ea188d891bec,ffaa3a3e-ac60-43e0-9870-ea188d891bec,1,,20.040248000000002,-155.44218780000264,POINT (-155.44218780000264 20.040248000000002),692506,2021-07-01 04:44:59 UTC,2021-06-30 08:28:34 UTC,672.7364062181794,,,5.282000073967232,,,20.040248000000002,N,-155.44218780000264,W,motorola,moto x4,,1080.0,810.0,"Fulcrum Android 2.43.1 (6564), Android 9, motorola, moto x4",72.0,72.0
5d925370-78f3-4ab8-b95b-9e45ec5d0c62,d39a0ea0-b7e8-4717-b227-3b8e47f5d24b,d39a0ea0-b7e8-4717-b227-3b8e47f5d24b,1,,20.0402336,-155.442449,POINT (-155.442449 20.0402336),608492,2021-07-01 04:45:12 UTC,2021-06-30 08:30:22 UTC,693.3839931885909,,,15.009900990099009,,,20.0402336,N,-155.442449,W,motorola,moto x4,,1080.0,810.0,"Fulcrum Android 2.43.1 (6564), Android 9, motorola, moto x4",72.0,72.0
8ea9e93a-9590-4908-a72d-5f96942edb19,539a971b-739e-45cd-8667-7e0404b77ea7,539a971b-739e-45cd-8667-7e0404b77ea7,1,,20.040308500000002,-155.4424280999987,POINT (-155.4424280999987 20.040308500000002),779981,2021-07-01 04:45:27 UTC,2021-06-30 08:31:30 UTC,686.8108187998818,,,18.22400093479785,,,20.040308500000002,N,-155.4424280999987,W,motorola,moto x4,,1080.0,810.0,"Fulcrum Android 2.43.1 (6564), Android 9, motorola, moto x4",72.0,72.0
d11764d7-2bca-462b-b34a-0636336a4b27,948f4eea-e831-4560-b05d-fa74478ec782,948f4eea-e831-4560-b05d-fa74478ec782,1,,20.040335600000002,-155.44242290000108,POINT (-155.44242290000108 20.040335600000002),707351,2021-07-01 04:45:39 UTC,2021-06-30 08:33:17 UTC,688.3192209003965,,,4.368999949313194,,,20.040335600000002,N,-155.44242290000108,W,motorola,moto x4,,1080.0,810.0,"Fulcrum Android 2.43.1 (6564), Android 9, motorola, moto x4",72.0,72.0
6cad30d2-ec4f-491a-bf02-5dc877897dd0,a7f489ad-7bb1-40f2-a6ec-dc553d77321a,a7f489ad-7bb1-40f2-a6ec-dc553d77321a,1,,20.040343800000002,-155.4424155,POINT (-155.4424155 20.040343800000002),724148,2021-07-01 04:45:53 UTC,2021-06-30 08:34:20 UTC,702.0937751903269,,,10.72,,,20.040343800000002,N,-155.4424155,W,motorola,moto x4,,810.0,1080.0,"Fulcrum Android 2.43.1 (6564), Android 9, motorola, moto x4",72.0,72.0
9b6e5419-574d-46e0-a194-1d218000a1d5,9f0fca10-6a56-4e07-9cdc-14c1338f323f,9f0fca10-6a56-4e07-9cdc-14c1338f323f,1,,20.040349400001823,-155.4424244,POINT (-155.4424244 20.040349400001823),627140,2021-07-01 04:46:04 UTC,2021-06-30 08:35:28 UTC,683.0412892696859,,,11.553000458085204,,,20.040349400001823,N,-155.4424244,W,motorola,moto x4,,810.0,1080.0,"Fulcrum Android 2.43.1 (6564), Android 9, motorola, moto x4",72.0,72.0
28c9e15e-257b-4c34-aac6-839a6e2928e3,1ea32268-41d4-4b7f-bc4a-d1f8f40e8d99,1ea32268-41d4-4b7f-bc4a-d1f8f40e8d99,1,,20.040319400002453,-155.4424284,POINT (-155.4424284 20.040319400002453),570465,2021-07-01 04:46:14 UTC,2021-06-30 08:36:40 UTC,693.2086878328837,,,18.580999383096852,,,20.040319400002453,N,-155.4424284,W,motorola,moto x4,,1080.0,810.0,"Fulcrum Android 2.43.1 (6564), Android 9, motorola, moto x4",72.0,72.0
59509bc0-f0a2-47fe-9ff7-b4212f212107,094fe761-d583-4b53-a0fe-61bec6646f49,094fe761-d583-4b53-a0fe-61bec6646f49,1,,20.040333899998082,-155.4424278000024,POINT (-155.4424278000024 20.040333899998082),690179,2021-07-01 04:46:25 UTC,2021-06-30 08:38:02 UTC,698.1575999004108,,,8.576,,,20.040333899998082,N,-155.4424278000024,W,motorola,moto x4,,1080.0,810.0,"Fulcrum Android 2.43.1 (6564), Android 9, motorola, moto x4",72.0,72.0
36429102-2d5b-41f9-ba74-c66a9a0b79eb,814edfc8-5678-4ef2-8858-fdd98b8534c5,814edfc8-5678-4ef2-8858-fdd98b8534c5,1,,20.0404686,-155.4426005,POINT (-155.4426005 20.0404686),580791,2021-07-01 04:46:36 UTC,2021-06-30 08:40:27 UTC,701.4124772076061,,,4.093999855938918,,,20.0404686,N,-155.4426005,W,motorola,moto x4,,810.0,1080.0,"Fulcrum Android 2.43.1 (6564), Android 9, motorola, moto x4",72.0,72.0
afa82cdb-6cd4-488f-b41d-48bf59c55d0a,84f39bce-3ec1-430f-ad45-ef15f584be6e,84f39bce-3ec1-430f-ad45-ef15f584be6e,1,,20.04044509999792,-155.442573299999,POINT (-155.442573299999 20.04044509999792),787976,2021-07-01 04:46:52 UTC,2021-06-30 08:42:55 UTC,699.2045454545455,,,10.227000230574129,,,20.04044509999792,N,-155.442573299999,W,motorola,moto x4,,810.0,1080.0,"Fulcrum Android 2.43.1 (6564), Android 9, motorola, moto x4",72.0,72.0
5656bbf3-162e-4241-abdf-3d3283a848d8,ef50507f-bb1d-4f64-af0f-7f1d97d9de9e,ef50507f-bb1d-4f64-af0f-7f1d97d9de9e,1,,20.04044909999891,-155.4433449000024,POINT (-155.4433449000024 20.04044909999891),677618,2021-07-01 04:47:05 UTC,2021-06-30 08:45:15 UTC,671.990099009901,,,4.336999892160034,,,20.04044909999891,N,-155.4433449000024,W,motorola,moto x4,,810.0,1080.0,"Fulcrum Android 2.43.1 (6564), Android 9, motorola, moto x4",72.0,72.0
6a599ea0-6c14-44fa-8bcb-3c344ae915ba,138e83db-1f7d-4059-ae5b-3fbb87926f16,138e83db-1f7d-4059-ae5b-3fbb87926f16,1,,20.04056029999893,-155.44397910000203,POINT (-155.44397910000203 20.04056029999893),706367,2021-07-01 04:47:17 UTC,2021-06-30 08:48:17 UTC,693.6848620432513,,,15.612000474327049,,,20.04056029999893,N,-155.44397910000203,W,motorola,moto x4,,810.0,1080.0,"Fulcrum Android 2.43.1 (6564), Android 9, motorola, moto x4",72.0,72.0
06c0cc99-c1cb-404e-a1f3-0a50bb80e2e4,d79007e0-8592-4deb-ad4c-8ca763dbeadb,d79007e0-8592-4deb-ad4c-8ca763dbeadb,1,,20.040293000000002,-155.44421589999766,POINT (-155.44421589999766 20.040293000000002),673220,2021-07-01 04:47:28 UTC,2021-06-30 08:50:45 UTC,692.8285804816223,,,6.7,,,20.040293000000002,N,-155.44421589999766,W,motorola,moto x4,,810.0,1080.0,"Fulcrum Android 2.43.1 (6564), Android 9, motorola, moto x4",72.0,72.0
77308baf-c7be-4a4e-9e85-aa6374dedb1e,67b65ed7-11db-46e3-994c-7f4f1fba768d,67b65ed7-11db-46e3-994c-7f4f1fba768d,1,,20.040976200000003,-155.44424850000001,POINT (-155.44424850000001 20.040976200000003),777830,2021-07-01 04:47:41 UTC,2021-06-30 08:53:13 UTC,654.2506393861893,,,8.307999610250414,,,20.040976200000003,N,-155.44424850000001,W,motorola,moto x4,,1080.0,810.0,"Fulcrum Android 2.43.1 (6564), Android 9, motorola, moto x4",72.0,72.0
77308baf-c7be-4a4e-9e85-aa6374dedb1e,67b65ed7-11db-46e3-994c-7f4f1fba768d,67b65ed7-11db-46e3-994c-7f4f1fba768d,1,,20.040976200000003,-155.44424850000001,POINT (-155.44424850000001 20.040976200000003),777830,2021-07-01 04:47:41 UTC,2021-06-30 08:53:13 UTC,654.2506393861893,,,8.307999610250414,,,20.040976200000003,N,-155.44424850000001,W,motorola,moto x4,,1080.0,810.0,"Fulcrum Android 2.43.1 (6564), Android 9, motorola, moto x4",72.0,72.0
4716c4cd-3a49-4415-a5f7-567b67574479,4f617dc1-9603-4e88-a946-a4345447b8d1,4f617dc1-9603-4e88-a946-a4345447b8d1,1,,20.041107,-155.4440528,POINT (-155.4440528 20.041107),565455,2021-07-01 04:47:52 UTC,2021-06-30 08:55:52 UTC,675.5413040158803,,,4.192,,,20.041107,N,-155.4440528,W,motorola,moto x4,,810.0,1080.0,"Fulcrum Android 2.43.1 (6564), Android 9, motorola, moto x4",72.0,72.0
a291fd0c-a188-43d5-8b6b-d1f1b9d5581d,ebd2c317-9815-4251-9d0f-c78daaef23bc,ebd2c317-9815-4251-9d0f-c78daaef23bc,1,,20.041386138613863,-155.4435104,POINT (-155.4435104 20.041386138613863),630975,2021-07-01 04:48:04 UTC,2021-06-30 08:58:11 UTC,664.4385460519561,,,7.289000042751486,,,20.041386138613863,N,-155.4435104,W,motorola,moto x4,,810.0,1080.0,"Fulcrum Android 2.43.1 (6564), Android 9, motorola, moto x4",72.0,72.0
92690af6-0e17-405a-ab2a-deb2978f0644,c3c8353d-ff58-4998-b817-0216db8b0af3,c3c8353d-ff58-4998-b817-0216db8b0af3,1,,20.041362600000003,-155.44270550000002,POINT (-155.44270550000002 20.041362600000003),679304,2021-07-01 04:48:15 UTC,2021-06-30 09:00:39 UTC,627.0921251892984,,,10.009900990099009,,,20.041362600000003,N,-155.44270550000002,W,motorola,moto x4,,810.0,1080.0,"Fulcrum Android 2.43.1 (6564), Android 9, motorola, moto x4",72.0,72.0
0d748ebe-0348-4923-bd9e-54d6546669d6,023b168d-b6e9-4a99-9d86-850932b2e301,023b168d-b6e9-4a99-9d86-850932b2e301,1,,20.04126910000198,-155.44260729999837,POINT (-155.44260729999837 20.04126910000198),675076,2021-07-01 04:48:26 UTC,2021-06-30 09:03:24 UTC,645.3965007392804,,,18.334999074588193,,,20.04126910000198,N,-155.44260729999837,W,motorola,moto x4,,1080.0,810.0,"Fulcrum Android 2.43.1 (6564), Android 9, motorola, moto x4",72.0,72.0
765353a1-574d-4216-8234-f972ce097a20,4dfadcab-642e-44bc-9919-b5d70ace6276,4dfadcab-642e-44bc-9919-b5d70ace6276,1,,20.0410688,-155.44224140000193,POINT (-155.44224140000193 20.0410688),688961,2021-07-01 04:48:37 UTC,2021-06-30 09:05:53 UTC,677.9612335653519,,,8.576,,,20.0410688,N,-155.44224140000193,W,motorola,moto x4,,810.0,1080.0,"Fulcrum Android 2.43.1 (6564), Android 9, motorola, moto x4",72.0,72.0
8985db98-6d95-4284-9103-693fb424791a,de7a208d-f55b-4366-a290-f6fb9e07838f,de7a208d-f55b-4366-a290-f6fb9e07838f,1,,20.04082889999893,-155.44174129999843,POINT (-155.44174129999843 20.04082889999893),560254,2021-07-01 04:48:47 UTC,2021-06-30 09:08:39 UTC,663.5565278615973,,,4.931000229235119,,,20.04082889999893,N,-155.44174129999843,W,motorola,moto x4,,1080.0,810.0,"Fulcrum Android 2.43.1 (6564), Android 9, motorola, moto x4",72.0,72.0
96866def-3277-42e7-b66d-b2879c877c58,57fc6652-884f-4732-9f66-a33f76f094e3,57fc6652-884f-4732-9f66-a33f76f094e3,1,,20.040517299997752,-155.4412992999973,POINT (-155.4412992999973 20.040517299997752),627008,2021-07-01 04:48:57 UTC,2021-06-30 09:10:52 UTC,644.6807815619139,,,4.592999925689233,,,20.040517299997752,N,-155.4412992999973,W,motorola,moto x4,,1080.0,810.0,"Fulcrum Android 2.43.1 (6564), Android 9, motorola, moto x4",72.0,72.0
51864de1-d86b-48d1-ac38-9293b6c0b62f,45eee0e1-9ac1-4fde-8b92-ee0433b7f51c,45eee0e1-9ac1-4fde-8b92-ee0433b7f51c,1,,20.0401995,-155.44090230000222,POINT (-155.44090230000222 20.0401995),549440,2021-07-01 04:49:07 UTC,2021-06-30 09:12:49 UTC,671.6643078512396,,,4.416,,,20.0401995,N,-155.44090230000222,W,motorola,moto x4,,1080.0,810.0,"Fulcrum Android 2.43.1 (6564), Android 9, motorola, moto x4",72.0,72.0
d12ee052-d4b4-430d-82c5-cdc1de086d28,c069ebed-b1fb-4536-b0e5-9f9505e5988a,c069ebed-b1fb-4536-b0e5-9f9505e5988a,1,,20.039977100001057,-155.44090539999743,POINT (-155.44090539999743 20.039977100001057),702715,2021-07-01 04:49:19 UTC,2021-06-30 09:14:52 UTC,674.527361139648,,,4.486000070439897,,,20.039977100001057,N,-155.44090539999743,W,motorola,moto x4,,810.0,1080.0,"Fulcrum Android 2.43.1 (6564), Android 9, motorola, moto x4",72.0,72.0
821a17a4-9897-4d2d-9860-de3de22b0400,42000c33-724a-4f19-a80e-2328744dbcb4,42000c33-724a-4f19-a80e-2328744dbcb4,1,,20.03993569999823,-155.4409035,POINT (-155.4409035 20.03993569999823),588882,2021-07-01 04:49:31 UTC,2021-06-30 09:16:36 UTC,642.2574953568586,,,8.83,,,20.03993569999823,N,-155.4409035,W,motorola,moto x4,,1080.0,810.0,"Fulcrum Android 2.43.1 (6564), Android 9, motorola, moto x4",72.0,72.0
29e9ff1a-b54f-4a93-a70d-24d483471b5a,7ea955ef-7088-4678-aa8c-ee48ee504d32,7ea955ef-7088-4678-aa8c-ee48ee504d32,1,,20.039899399997786,-155.4408925,POINT (-155.4408925 20.039899399997786),695669,2021-07-01 04:49:43 UTC,2021-06-30 09:18:32 UTC,669.4684839133665,,,6.432,,,20.039899399997786,N,-155.4408925,W,motorola,moto x4,,1080.0,810.0,"Fulcrum Android 2.43.1 (6564), Android 9, motorola, moto x4",72.0,72.0
e5ee9606-2c4c-4e1a-bc68-6ae5ca15c11e,7a18867c-7da0-46ec-8aaf-b1a01e5bd9d0,7a18867c-7da0-46ec-8aaf-b1a01e5bd9d0,1,,20.039901200000003,-155.44089209999905,POINT (-155.44089209999905 20.039901200000003),653143,2021-07-01 04:49:54 UTC,2021-06-30 09:20:05 UTC,667.9120142679566,,,8.576,,,20.039901200000003,N,-155.44089209999905,W,motorola,moto x4,,810.0,1080.0,"Fulcrum Android 2.43.1 (6564), Android 9, motorola, moto x4",72.0,72.0
b8394c00-b46c-4167-a60e-f1dbe0bae707,587c7ee1-be72-4fcb-ab1e-4d7f1b7225d5,587c7ee1-be72-4fcb-ab1e-4d7f1b7225d5,1,,20.039564600002233,-155.44060240000002,POINT (-155.44060240000002 20.039564600002233),717757,2021-07-01 04:50:06 UTC,2021-06-30 09:22:35 UTC,709.3535573391375,,,5.717,,,20.039564600002233,N,-155.44060240000002,W,motorola,moto x4,,810.0,1080.0,"Fulcrum Android 2.43.1 (6564), Android 9, motorola, moto x4",72.0,72.0
35de4250-39e8-4e75-84c2-916a9bc19e6c,d72cb6f0-e868-4c1b-a07b-dded62f1b4ef,d72cb6f0-e868-4c1b-a07b-dded62f1b4ef,1,,20.039474599997384,-155.44055555555556,POINT (-155.44055555555556 20.039474599997384),579474,2021-07-01 04:50:17 UTC,2021-06-30 09:39:04 UTC,685.1870647062325,,,5.73,,,20.039474599997384,N,-155.44055555555556,W,motorola,moto x4,,810.0,1080.0,"Fulcrum Android 2.43.1 (6564), Android 9, motorola, moto x4",72.0,72.0
0e68131a-25e9-4074-8666-ba21a7e99f19,c637e8c8-9074-422a-9108-daf3ae1a7c18,c637e8c8-9074-422a-9108-daf3ae1a7c18,1,,20.034444444444446,-155.44302990000105,POINT (-155.44302990000105 20.034444444444446),597648,2021-07-01 04:50:27 UTC,2021-06-30 09:46:32 UTC,711.0155992529935,,,5.788000186332511,,,20.034444444444446,N,-155.44302990000105,W,motorola,moto x4,,1080.0,810.0,"Fulcrum Android 2.43.1 (6564), Android 9, motorola, moto x4",72.0,72.0
1ddb6dd5-c4a2-4237-bc5c-a83c3351d8c7,d2affda8-6478-480f-adb0-abedce50b640,d2affda8-6478-480f-adb0-abedce50b640,1,,20.0344558,-155.4430184,POINT (-155.4430184 20.0344558),618823,2021-07-01 04:50:38 UTC,2021-06-30 09:52:13 UTC,732.6120497815874,,,9.0,,,20.0344558,N,-155.4430184,W,motorola,moto x4,,810.0,1080.0,"Fulcrum Android 2.43.1 (6564), Android 9, motorola, moto x4",72.0,72.0
875913c5-3f8b-44cb-970d-c9cd6d96a894,cb0c468a-d8ed-4b61-a66b-544ce7b7564c,cb0c468a-d8ed-4b61-a66b-544ce7b7564c,1,,20.03187629999891,-155.43853789999775,POINT (-155.43853789999775 20.03187629999891),707839,2021-07-01 04:50:50 UTC,2021-06-30 10:00:23 UTC,783.9243915885643,,,15.544,,,20.03187629999891,N,-155.43853789999775,W,motorola,moto x4,,810.0,1080.0,"Fulcrum Android 2.43.1 (6564), Android 9, motorola, moto x4",72.0,72.0
91ad4d4a-9437-47a4-98fc-a86b3fac04fb,464a411f-7350-4e1d-a144-e4f5daab2f2e,464a411f-7350-4e1d-a144-e4f5daab2f2e,1,,20.0317437000015,-155.438598,POINT (-155.438598 20.0317437000015),736643,2021-07-01 04:51:02 UTC,2021-06-30 10:11:19 UTC,760.1696441130961,,,7.289000042751486,,,20.0317437000015,N,-155.438598,W,motorola,moto x4,,810.0,1080.0,"Fulcrum Android 2.43.1 (6564), Android 9, motorola, moto x4",72.0,72.0
6f2e718a-a21c-4252-bd82-d8785ca5f256,f5ce51d2-3876-466a-a60e-0dab6738a132,f5ce51d2-3876-466a-a60e-0dab6738a132,1,,20.029414699998494,-155.4396969000009,POINT (-155.4396969000009 20.029414699998494),564716,2021-07-01 04:51:12 UTC,2021-06-30 10:18:57 UTC,739.0588642659279,,,12.649000162575192,,,20.029414699998494,N,-155.4396969000009,W,motorola,moto x4,,810.0,1080.0,"Fulcrum Android 2.43.1 (6564), Android 9, motorola, moto x4",72.0,72.0
d391fddb-9b38-499b-9a95-269763a345d8,6b517630-5cc0-484d-91af-1eaebb75a9bc,6b517630-5cc0-484d-91af-1eaebb75a9bc,1,,20.030293499832467,-155.4419884,POINT (-155.4419884 20.030293499832467),698901,2021-07-01 04:51:23 UTC,2021-06-30 10:21:45 UTC,720.3230405405405,,,11.792,,,20.030293499832467,N,-155.4419884,W,motorola,moto x4,,1080.0,810.0,"Fulcrum Android 2.43.1 (6564), Android 9, motorola, moto x4",72.0,72.0
3c8b1829-d75a-4d11-b811-ad1e90d2445c,9d38636a-0558-41e4-9d02-0674f13b8d0b,9d38636a-0558-41e4-9d02-0674f13b8d0b,1,,20.0304544,-155.44196790000257,POINT (-155.44196790000257 20.0304544),809499,2021-07-01 04:51:37 UTC,2021-06-30 10:30:56 UTC,749.9554063360881,,,6.432,,,20.0304544,N,-155.44196790000257,W,motorola,moto x4,,810.0,1080.0,"Fulcrum Android 2.43.1 (6564), Android 9, motorola, moto x4",72.0,72.0
facc1b88-09e1-4fd8-85f1-5d2767c71cda,993141e2-f3eb-4147-94c8-72f362dcc3c7,993141e2-f3eb-4147-94c8-72f362dcc3c7,1,,20.03016829999809,-155.44455379999798,POINT (-155.44455379999798 20.03016829999809),587391,2021-07-01 04:51:48 UTC,2021-06-30 10:35:56 UTC,776.4380483299984,,,7.504,,,20.03016829999809,N,-155.44455379999798,W,motorola,moto x4,,810.0,1080.0,"Fulcrum Android 2.43.1 (6564), Android 9, motorola, moto x4",72.0,72.0
a7312f0b-9435-4e96-ab15-1eb3f6cec085,da6909df-4f00-4e42-ba29-f31e1094bfb8,da6909df-4f00-4e42-ba29-f31e1094bfb8,1,,20.02832910000158,-155.4466926000021,POINT (-155.4466926000021 20.02832910000158),782223,2021-07-01 04:52:01 UTC,2021-06-30 10:42:02 UTC,813.4893021171727,,,4.156000184834342,,,20.02832910000158,N,-155.4466926000021,W,motorola,moto x4,,810.0,1080.0,"Fulcrum Android 2.43.1 (6564), Android 9, motorola, moto x4",72.0,72.0
17b8cfae-dec6-418d-abcf-d302e3ab4662,fcdea2c7-bbae-456d-9e44-a1191f79a86e,fcdea2c7-bbae-456d-9e44-a1191f79a86e,1,,20.02722222222222,-155.44631962296486,POINT (-155.44631962296486 20.02722222222222),693019,2021-07-01 04:52:13 UTC,2021-06-30 10:49:11 UTC,824.2387348573167,,,4.46299981907002,,,20.02722222222222,N,-155.44631962296486,W,motorola,moto x4,,810.0,1080.0,"Fulcrum Android 2.43.1 (6564), Android 9, motorola, moto x4",72.0,72.0
b0bb9681-4b38-4aca-a99f-8fe4924bbd3c,2089794f-e681-4c26-b0f2-ed2988d0ca85,2089794f-e681-4c26-b0f2-ed2988d0ca85,1,,20.027654099997562,-155.44333939999748,POINT (-155.44333939999748 20.027654099997562),628264,2021-07-01 04:52:23 UTC,2021-06-30 10:54:52 UTC,753.1818181818181,,,11.255999250093739,,,20.027654099997562,N,-155.44333939999748,W,motorola,moto x4,,810.0,1080.0,"Fulcrum Android 2.43.1 (6564), Android 9, motorola, moto x4",72.0,72.0
d4e12529-ec18-43eb-9eaf-6bef189520f7,472a7eba-0327-4e7a-8cf4-af2edef287c3,472a7eba-0327-4e7a-8cf4-af2edef287c3,1,,20.028733800002737,-155.44234230000092,POINT (-155.44234230000092 20.028733800002737),581598,2021-07-01 04:52:34 UTC,2021-06-30 11:05:17 UTC,739.7213060686016,,,8.196999545385664,,,20.028733800002737,N,-155.44234230000092,W,motorola,moto x4,,810.0,1080.0,"Fulcrum Android 2.43.1 (6564), Android 9, motorola, moto x4",72.0,72.0
121628fe-1f17-42f1-9dfa-bae6f1435efd,e96a6d3e-f789-4940-b56a-ea034b035eae,e96a6d3e-f789-4940-b56a-ea034b035eae,1,,20.0298518,-155.4380583058306,POINT (-155.4380583058306 20.0298518),663678,2021-07-01 04:52:46 UTC,2021-06-30 11:12:57 UTC,744.1200639123488,,,11.388999931077262,,,20.0298518,N,-155.4380583058306,W,motorola,moto x4,,810.0,1080.0,"Fulcrum Android 2.43.1 (6564), Android 9, motorola, moto x4",72.0,72.0
4d56ffbe-8670-484c-a8ab-cf6120999ed5,f279b606-869d-4fcd-9125-1e08dbca465d,f279b606-869d-4fcd-9125-1e08dbca465d,1,,20.033084299998297,-155.4365175,POINT (-155.4365175 20.033084299998297),722617,2021-07-01 04:53:02 UTC,2021-06-30 11:20:50 UTC,693.6567129895486,,,13.15900039824771,,,20.033084299998297,N,-155.4365175,W,motorola,moto x4,,810.0,1080.0,"Fulcrum Android 2.43.1 (6564), Android 9, motorola, moto x4",72.0,72.0
ed73685e-fe31-4bc6-94d8-58e5533c3f56,fa156001-2c23-4f62-8fd7-fff4ef31ee4e,fa156001-2c23-4f62-8fd7-fff4ef31ee4e,1,,20.035926500000002,-155.43577390000203,POINT (-155.43577390000203 20.035926500000002),593346,2021-07-01 04:53:12 UTC,2021-06-30 11:24:15 UTC,713.0783209623752,,,10.990099009900991,,,20.035926500000002,N,-155.43577390000203,W,motorola,moto x4,,1080.0,810.0,"Fulcrum Android 2.43.1 (6564), Android 9, motorola, moto x4",72.0,72.0
fbcbce71-d9ed-4dfa-8092-8dd319d57423,b3252e43-8b9b-4892-9b45-6ecb28ad6bed,b3252e43-8b9b-4892-9b45-6ecb28ad6bed,1,,20.036342099998183,-155.4364184,POINT (-155.4364184 20.036342099998183),621275,2021-07-01 04:53:22 UTC,2021-06-30 11:26:37 UTC,707.7406050955414,,,7.682000163412043,,,20.036342099998183,N,-155.4364184,W,motorola,moto x4,,1080.0,810.0,"Fulcrum Android 2.43.1 (6564), Android 9, motorola, moto x4",72.0,72.0
05796964-52ce-4808-a0d5-83db9f2ebda8,0b81e3ed-b073-455f-a7e3-c04fc9d110c3,0b81e3ed-b073-455f-a7e3-c04fc9d110c3,1,,20.036601200000003,-155.43707539999804,POINT (-155.43707539999804 20.036601200000003),591378,2021-07-01 04:53:33 UTC,2021-06-30 11:28:45 UTC,659.7132352941177,,,9.112000800720649,,,20.036601200000003,N,-155.43707539999804,W,motorola,moto x4,,1080.0,810.0,"Fulcrum Android 2.43.1 (6564), Android 9, motorola, moto x4",72.0,72.0
90390c37-59df-4d5a-bbe1-10cb3de21d02,8164383f-bd99-4f99-94aa-7773d0e52094,8164383f-bd99-4f99-94aa-7773d0e52094,1,,20.036925699998054,-155.4373776999984,POINT (-155.4373776999984 20.036925699998054),569202,2021-07-01 04:53:42 UTC,2021-06-30 11:31:40 UTC,680.5714285714286,,,8.765999790510108,,,20.036925699998054,N,-155.4373776999984,W,motorola,moto x4,,1080.0,810.0,"Fulcrum Android 2.43.1 (6564), Android 9, motorola, moto x4",72.0,72.0
